group,correct,n,accuracy,wilson95_low,wilson95_high
Base Qwen3-1.7B,4,90,0.044444444444444446,0.01741696001324882,0.1087701467709492
GRPO original,10,90,0.1111111111111111,0.0614825297021024,0.19257963462587152
GRPO rerun,7,90,0.07777777777777778,0.03818432959772764,0.15194030595835836
Rollout-SFT original,6,90,0.06666666666666667,0.030909506550389258,0.1379026194150674
Rollout-SFT rerun,7,90,0.07777777777777778,0.03818432959772764,0.15194030595835836
