task_name,path
easy_5000__data_science__data_science_task_3912,/wbl-fast/usrs/ee/teacher-answer-rl/terminal_synthetic_tasks/easy/easy_5000/data_science/data_science_task_3912
medium_5000__security__security_task_1247,/wbl-fast/usrs/ee/teacher-answer-rl/terminal_synthetic_tasks/medium/medium_5000/security/security_task_1247
easy_5000__data_science__data_science_task_0695,/wbl-fast/usrs/ee/teacher-answer-rl/terminal_synthetic_tasks/easy/easy_5000/data_science/data_science_task_0695
easy_5000__data_science__data_science_task_4142,/wbl-fast/usrs/ee/teacher-answer-rl/terminal_synthetic_tasks/easy/easy_5000/data_science/data_science_task_4142
easy_5000__data_science__data_science_task_3203,/wbl-fast/usrs/ee/teacher-answer-rl/terminal_synthetic_tasks/easy/easy_5000/data_science/data_science_task_3203
medium_5000__data_processing__data_processing_task_4780,/wbl-fast/usrs/ee/teacher-answer-rl/terminal_synthetic_tasks/medium/medium_5000/data_processing/data_processing_task_4780
medium_5000__data_processing__data_processing_task_3480,/wbl-fast/usrs/ee/teacher-answer-rl/terminal_synthetic_tasks/medium/medium_5000/data_processing/data_processing_task_3480
medium_5000__data_querying__data_querying_task_1088,/wbl-fast/usrs/ee/teacher-answer-rl/terminal_synthetic_tasks/medium/medium_5000/data_querying/data_querying_task_1088
medium_5000__data_querying__data_querying_task_2409,/wbl-fast/usrs/ee/teacher-answer-rl/terminal_synthetic_tasks/medium/medium_5000/data_querying/data_querying_task_2409
easy_5000__data_science__data_science_task_0900,/wbl-fast/usrs/ee/teacher-answer-rl/terminal_synthetic_tasks/easy/easy_5000/data_science/data_science_task_0900
medium_5000__security__security_task_3523,/wbl-fast/usrs/ee/teacher-answer-rl/terminal_synthetic_tasks/medium/medium_5000/security/security_task_3523
easy_5000__data_science__data_science_task_0481,/wbl-fast/usrs/ee/teacher-answer-rl/terminal_synthetic_tasks/easy/easy_5000/data_science/data_science_task_0481
medium_5000__data_processing__data_processing_task_2286,/wbl-fast/usrs/ee/teacher-answer-rl/terminal_synthetic_tasks/medium/medium_5000/data_processing/data_processing_task_2286
medium_5000__data_querying__data_querying_task_0592,/wbl-fast/usrs/ee/teacher-answer-rl/terminal_synthetic_tasks/medium/medium_5000/data_querying/data_querying_task_0592
easy_5000__data_science__data_science_task_1505,/wbl-fast/usrs/ee/teacher-answer-rl/terminal_synthetic_tasks/easy/easy_5000/data_science/data_science_task_1505
easy_5000__data_science__data_science_task_0852,/wbl-fast/usrs/ee/teacher-answer-rl/terminal_synthetic_tasks/easy/easy_5000/data_science/data_science_task_0852
medium_5000__security__security_task_3109,/wbl-fast/usrs/ee/teacher-answer-rl/terminal_synthetic_tasks/medium/medium_5000/security/security_task_3109
easy_5000__data_science__data_science_task_0370,/wbl-fast/usrs/ee/teacher-answer-rl/terminal_synthetic_tasks/easy/easy_5000/data_science/data_science_task_0370
easy_5000__data_science__data_science_task_0719,/wbl-fast/usrs/ee/teacher-answer-rl/terminal_synthetic_tasks/easy/easy_5000/data_science/data_science_task_0719
medium_5000__data_querying__data_querying_task_3414,/wbl-fast/usrs/ee/teacher-answer-rl/terminal_synthetic_tasks/medium/medium_5000/data_querying/data_querying_task_3414
medium_5000__data_querying__data_querying_task_4943,/wbl-fast/usrs/ee/teacher-answer-rl/terminal_synthetic_tasks/medium/medium_5000/data_querying/data_querying_task_4943
easy_5000__data_science__data_science_task_0935,/wbl-fast/usrs/ee/teacher-answer-rl/terminal_synthetic_tasks/easy/easy_5000/data_science/data_science_task_0935
easy_5000__data_science__data_science_task_0579,/wbl-fast/usrs/ee/teacher-answer-rl/terminal_synthetic_tasks/easy/easy_5000/data_science/data_science_task_0579
easy_5000__data_science__data_science_task_2386,/wbl-fast/usrs/ee/teacher-answer-rl/terminal_synthetic_tasks/easy/easy_5000/data_science/data_science_task_2386
easy_5000__data_science__data_science_task_3616,/wbl-fast/usrs/ee/teacher-answer-rl/terminal_synthetic_tasks/easy/easy_5000/data_science/data_science_task_3616
medium_5000__data_querying__data_querying_task_0421,/wbl-fast/usrs/ee/teacher-answer-rl/terminal_synthetic_tasks/medium/medium_5000/data_querying/data_querying_task_0421
medium_5000__security__security_task_0705,/wbl-fast/usrs/ee/teacher-answer-rl/terminal_synthetic_tasks/medium/medium_5000/security/security_task_0705
medium_5000__security__security_task_2517,/wbl-fast/usrs/ee/teacher-answer-rl/terminal_synthetic_tasks/medium/medium_5000/security/security_task_2517
easy_5000__data_science__data_science_task_4295,/wbl-fast/usrs/ee/teacher-answer-rl/terminal_synthetic_tasks/easy/easy_5000/data_science/data_science_task_4295
easy_5000__data_science__data_science_task_2123,/wbl-fast/usrs/ee/teacher-answer-rl/terminal_synthetic_tasks/easy/easy_5000/data_science/data_science_task_2123
medium_5000__security__security_task_4344,/wbl-fast/usrs/ee/teacher-answer-rl/terminal_synthetic_tasks/medium/medium_5000/security/security_task_4344
medium_5000__data_processing__data_processing_task_0056,/wbl-fast/usrs/ee/teacher-answer-rl/terminal_synthetic_tasks/medium/medium_5000/data_processing/data_processing_task_0056
medium_5000__data_processing__data_processing_task_2522,/wbl-fast/usrs/ee/teacher-answer-rl/terminal_synthetic_tasks/medium/medium_5000/data_processing/data_processing_task_2522
easy_5000__data_science__data_science_task_1434,/wbl-fast/usrs/ee/teacher-answer-rl/terminal_synthetic_tasks/easy/easy_5000/data_science/data_science_task_1434
medium_5000__data_querying__data_querying_task_3065,/wbl-fast/usrs/ee/teacher-answer-rl/terminal_synthetic_tasks/medium/medium_5000/data_querying/data_querying_task_3065
easy_5000__data_science__data_science_task_1163,/wbl-fast/usrs/ee/teacher-answer-rl/terminal_synthetic_tasks/easy/easy_5000/data_science/data_science_task_1163
easy_5000__data_science__data_science_task_0464,/wbl-fast/usrs/ee/teacher-answer-rl/terminal_synthetic_tasks/easy/easy_5000/data_science/data_science_task_0464
medium_5000__security__security_task_1997,/wbl-fast/usrs/ee/teacher-answer-rl/terminal_synthetic_tasks/medium/medium_5000/security/security_task_1997
medium_5000__data_querying__data_querying_task_4414,/wbl-fast/usrs/ee/teacher-answer-rl/terminal_synthetic_tasks/medium/medium_5000/data_querying/data_querying_task_4414
medium_5000__security__security_task_0835,/wbl-fast/usrs/ee/teacher-answer-rl/terminal_synthetic_tasks/medium/medium_5000/security/security_task_0835
easy_5000__data_science__data_science_task_1788,/wbl-fast/usrs/ee/teacher-answer-rl/terminal_synthetic_tasks/easy/easy_5000/data_science/data_science_task_1788
medium_5000__security__security_task_3709,/wbl-fast/usrs/ee/teacher-answer-rl/terminal_synthetic_tasks/medium/medium_5000/security/security_task_3709
easy_5000__data_science__data_science_task_4206,/wbl-fast/usrs/ee/teacher-answer-rl/terminal_synthetic_tasks/easy/easy_5000/data_science/data_science_task_4206
easy_5000__data_science__data_science_task_2875,/wbl-fast/usrs/ee/teacher-answer-rl/terminal_synthetic_tasks/easy/easy_5000/data_science/data_science_task_2875
easy_5000__data_science__data_science_task_0617,/wbl-fast/usrs/ee/teacher-answer-rl/terminal_synthetic_tasks/easy/easy_5000/data_science/data_science_task_0617
medium_5000__security__security_task_2016,/wbl-fast/usrs/ee/teacher-answer-rl/terminal_synthetic_tasks/medium/medium_5000/security/security_task_2016
medium_5000__data_querying__data_querying_task_2084,/wbl-fast/usrs/ee/teacher-answer-rl/terminal_synthetic_tasks/medium/medium_5000/data_querying/data_querying_task_2084
easy_5000__data_science__data_science_task_3928,/wbl-fast/usrs/ee/teacher-answer-rl/terminal_synthetic_tasks/easy/easy_5000/data_science/data_science_task_3928
medium_5000__data_processing__data_processing_task_2440,/wbl-fast/usrs/ee/teacher-answer-rl/terminal_synthetic_tasks/medium/medium_5000/data_processing/data_processing_task_2440
medium_5000__data_querying__data_querying_task_4045,/wbl-fast/usrs/ee/teacher-answer-rl/terminal_synthetic_tasks/medium/medium_5000/data_querying/data_querying_task_4045
easy_5000__data_science__data_science_task_1218,/wbl-fast/usrs/ee/teacher-answer-rl/terminal_synthetic_tasks/easy/easy_5000/data_science/data_science_task_1218
medium_5000__security__security_task_0540,/wbl-fast/usrs/ee/teacher-answer-rl/terminal_synthetic_tasks/medium/medium_5000/security/security_task_0540
medium_5000__data_processing__data_processing_task_3977,/wbl-fast/usrs/ee/teacher-answer-rl/terminal_synthetic_tasks/medium/medium_5000/data_processing/data_processing_task_3977
medium_5000__data_querying__data_querying_task_1089,/wbl-fast/usrs/ee/teacher-answer-rl/terminal_synthetic_tasks/medium/medium_5000/data_querying/data_querying_task_1089
easy_5000__data_science__data_science_task_0493,/wbl-fast/usrs/ee/teacher-answer-rl/terminal_synthetic_tasks/easy/easy_5000/data_science/data_science_task_0493
medium_5000__data_processing__data_processing_task_2701,/wbl-fast/usrs/ee/teacher-answer-rl/terminal_synthetic_tasks/medium/medium_5000/data_processing/data_processing_task_2701
easy_5000__data_science__data_science_task_2206,/wbl-fast/usrs/ee/teacher-answer-rl/terminal_synthetic_tasks/easy/easy_5000/data_science/data_science_task_2206
easy_5000__data_science__data_science_task_2186,/wbl-fast/usrs/ee/teacher-answer-rl/terminal_synthetic_tasks/easy/easy_5000/data_science/data_science_task_2186
easy_5000__data_science__data_science_task_1324,/wbl-fast/usrs/ee/teacher-answer-rl/terminal_synthetic_tasks/easy/easy_5000/data_science/data_science_task_1324
easy_5000__data_science__data_science_task_0589,/wbl-fast/usrs/ee/teacher-answer-rl/terminal_synthetic_tasks/easy/easy_5000/data_science/data_science_task_0589
easy_5000__data_science__data_science_task_4152,/wbl-fast/usrs/ee/teacher-answer-rl/terminal_synthetic_tasks/easy/easy_5000/data_science/data_science_task_4152
medium_5000__security__security_task_0539,/wbl-fast/usrs/ee/teacher-answer-rl/terminal_synthetic_tasks/medium/medium_5000/security/security_task_0539
medium_5000__data_processing__data_processing_task_1591,/wbl-fast/usrs/ee/teacher-answer-rl/terminal_synthetic_tasks/medium/medium_5000/data_processing/data_processing_task_1591
easy_5000__data_science__data_science_task_3051,/wbl-fast/usrs/ee/teacher-answer-rl/terminal_synthetic_tasks/easy/easy_5000/data_science/data_science_task_3051
medium_5000__data_processing__data_processing_task_3777,/wbl-fast/usrs/ee/teacher-answer-rl/terminal_synthetic_tasks/medium/medium_5000/data_processing/data_processing_task_3777
easy_5000__data_science__data_science_task_0967,/wbl-fast/usrs/ee/teacher-answer-rl/terminal_synthetic_tasks/easy/easy_5000/data_science/data_science_task_0967
medium_5000__security__security_task_4942,/wbl-fast/usrs/ee/teacher-answer-rl/terminal_synthetic_tasks/medium/medium_5000/security/security_task_4942
medium_5000__data_processing__data_processing_task_1030,/wbl-fast/usrs/ee/teacher-answer-rl/terminal_synthetic_tasks/medium/medium_5000/data_processing/data_processing_task_1030
easy_5000__data_science__data_science_task_2463,/wbl-fast/usrs/ee/teacher-answer-rl/terminal_synthetic_tasks/easy/easy_5000/data_science/data_science_task_2463
easy_5000__data_science__data_science_task_0628,/wbl-fast/usrs/ee/teacher-answer-rl/terminal_synthetic_tasks/easy/easy_5000/data_science/data_science_task_0628
medium_5000__security__security_task_4431,/wbl-fast/usrs/ee/teacher-answer-rl/terminal_synthetic_tasks/medium/medium_5000/security/security_task_4431
medium_5000__data_querying__data_querying_task_0519,/wbl-fast/usrs/ee/teacher-answer-rl/terminal_synthetic_tasks/medium/medium_5000/data_querying/data_querying_task_0519
medium_5000__data_processing__data_processing_task_3882,/wbl-fast/usrs/ee/teacher-answer-rl/terminal_synthetic_tasks/medium/medium_5000/data_processing/data_processing_task_3882
medium_5000__data_querying__data_querying_task_2132,/wbl-fast/usrs/ee/teacher-answer-rl/terminal_synthetic_tasks/medium/medium_5000/data_querying/data_querying_task_2132
easy_5000__data_science__data_science_task_1778,/wbl-fast/usrs/ee/teacher-answer-rl/terminal_synthetic_tasks/easy/easy_5000/data_science/data_science_task_1778
medium_5000__data_processing__data_processing_task_2420,/wbl-fast/usrs/ee/teacher-answer-rl/terminal_synthetic_tasks/medium/medium_5000/data_processing/data_processing_task_2420
easy_5000__data_science__data_science_task_4237,/wbl-fast/usrs/ee/teacher-answer-rl/terminal_synthetic_tasks/easy/easy_5000/data_science/data_science_task_4237
easy_5000__data_science__data_science_task_4914,/wbl-fast/usrs/ee/teacher-answer-rl/terminal_synthetic_tasks/easy/easy_5000/data_science/data_science_task_4914
easy_5000__data_science__data_science_task_3572,/wbl-fast/usrs/ee/teacher-answer-rl/terminal_synthetic_tasks/easy/easy_5000/data_science/data_science_task_3572
medium_5000__data_processing__data_processing_task_1571,/wbl-fast/usrs/ee/teacher-answer-rl/terminal_synthetic_tasks/medium/medium_5000/data_processing/data_processing_task_1571
medium_5000__security__security_task_0022,/wbl-fast/usrs/ee/teacher-answer-rl/terminal_synthetic_tasks/medium/medium_5000/security/security_task_0022
easy_5000__data_science__data_science_task_3683,/wbl-fast/usrs/ee/teacher-answer-rl/terminal_synthetic_tasks/easy/easy_5000/data_science/data_science_task_3683
easy_5000__data_science__data_science_task_3109,/wbl-fast/usrs/ee/teacher-answer-rl/terminal_synthetic_tasks/easy/easy_5000/data_science/data_science_task_3109
medium_5000__data_processing__data_processing_task_1582,/wbl-fast/usrs/ee/teacher-answer-rl/terminal_synthetic_tasks/medium/medium_5000/data_processing/data_processing_task_1582
easy_5000__data_science__data_science_task_0593,/wbl-fast/usrs/ee/teacher-answer-rl/terminal_synthetic_tasks/easy/easy_5000/data_science/data_science_task_0593
easy_5000__data_science__data_science_task_4487,/wbl-fast/usrs/ee/teacher-answer-rl/terminal_synthetic_tasks/easy/easy_5000/data_science/data_science_task_4487
medium_5000__security__security_task_1589,/wbl-fast/usrs/ee/teacher-answer-rl/terminal_synthetic_tasks/medium/medium_5000/security/security_task_1589
easy_5000__data_science__data_science_task_2970,/wbl-fast/usrs/ee/teacher-answer-rl/terminal_synthetic_tasks/easy/easy_5000/data_science/data_science_task_2970
easy_5000__data_science__data_science_task_4616,/wbl-fast/usrs/ee/teacher-answer-rl/terminal_synthetic_tasks/easy/easy_5000/data_science/data_science_task_4616
easy_5000__data_science__data_science_task_1028,/wbl-fast/usrs/ee/teacher-answer-rl/terminal_synthetic_tasks/easy/easy_5000/data_science/data_science_task_1028
easy_5000__data_science__data_science_task_2042,/wbl-fast/usrs/ee/teacher-answer-rl/terminal_synthetic_tasks/easy/easy_5000/data_science/data_science_task_2042
medium_5000__data_processing__data_processing_task_1535,/wbl-fast/usrs/ee/teacher-answer-rl/terminal_synthetic_tasks/medium/medium_5000/data_processing/data_processing_task_1535
medium_5000__data_querying__data_querying_task_0931,/wbl-fast/usrs/ee/teacher-answer-rl/terminal_synthetic_tasks/medium/medium_5000/data_querying/data_querying_task_0931
medium_5000__data_querying__data_querying_task_3320,/wbl-fast/usrs/ee/teacher-answer-rl/terminal_synthetic_tasks/medium/medium_5000/data_querying/data_querying_task_3320
easy_5000__data_science__data_science_task_1858,/wbl-fast/usrs/ee/teacher-answer-rl/terminal_synthetic_tasks/easy/easy_5000/data_science/data_science_task_1858
medium_5000__data_processing__data_processing_task_0199,/wbl-fast/usrs/ee/teacher-answer-rl/terminal_synthetic_tasks/medium/medium_5000/data_processing/data_processing_task_0199
easy_5000__data_science__data_science_task_3386,/wbl-fast/usrs/ee/teacher-answer-rl/terminal_synthetic_tasks/easy/easy_5000/data_science/data_science_task_3386
easy_5000__data_science__data_science_task_4437,/wbl-fast/usrs/ee/teacher-answer-rl/terminal_synthetic_tasks/easy/easy_5000/data_science/data_science_task_4437
medium_5000__security__security_task_2933,/wbl-fast/usrs/ee/teacher-answer-rl/terminal_synthetic_tasks/medium/medium_5000/security/security_task_2933
medium_5000__data_querying__data_querying_task_3023,/wbl-fast/usrs/ee/teacher-answer-rl/terminal_synthetic_tasks/medium/medium_5000/data_querying/data_querying_task_3023
medium_5000__data_processing__data_processing_task_0280,/wbl-fast/usrs/ee/teacher-answer-rl/terminal_synthetic_tasks/medium/medium_5000/data_processing/data_processing_task_0280
easy_5000__data_science__data_science_task_0727,/wbl-fast/usrs/ee/teacher-answer-rl/terminal_synthetic_tasks/easy/easy_5000/data_science/data_science_task_0727
easy_5000__data_science__data_science_task_3372,/wbl-fast/usrs/ee/teacher-answer-rl/terminal_synthetic_tasks/easy/easy_5000/data_science/data_science_task_3372
medium_5000__security__security_task_2299,/wbl-fast/usrs/ee/teacher-answer-rl/terminal_synthetic_tasks/medium/medium_5000/security/security_task_2299
easy_5000__data_science__data_science_task_2975,/wbl-fast/usrs/ee/teacher-answer-rl/terminal_synthetic_tasks/easy/easy_5000/data_science/data_science_task_2975
easy_5000__data_science__data_science_task_4845,/wbl-fast/usrs/ee/teacher-answer-rl/terminal_synthetic_tasks/easy/easy_5000/data_science/data_science_task_4845
medium_5000__security__security_task_2262,/wbl-fast/usrs/ee/teacher-answer-rl/terminal_synthetic_tasks/medium/medium_5000/security/security_task_2262
easy_5000__data_science__data_science_task_4903,/wbl-fast/usrs/ee/teacher-answer-rl/terminal_synthetic_tasks/easy/easy_5000/data_science/data_science_task_4903
easy_5000__data_science__data_science_task_0388,/wbl-fast/usrs/ee/teacher-answer-rl/terminal_synthetic_tasks/easy/easy_5000/data_science/data_science_task_0388
medium_5000__data_processing__data_processing_task_3819,/wbl-fast/usrs/ee/teacher-answer-rl/terminal_synthetic_tasks/medium/medium_5000/data_processing/data_processing_task_3819
easy_5000__data_science__data_science_task_0768,/wbl-fast/usrs/ee/teacher-answer-rl/terminal_synthetic_tasks/easy/easy_5000/data_science/data_science_task_0768
easy_5000__data_science__data_science_task_2856,/wbl-fast/usrs/ee/teacher-answer-rl/terminal_synthetic_tasks/easy/easy_5000/data_science/data_science_task_2856
medium_5000__data_processing__data_processing_task_0446,/wbl-fast/usrs/ee/teacher-answer-rl/terminal_synthetic_tasks/medium/medium_5000/data_processing/data_processing_task_0446
easy_5000__data_science__data_science_task_2416,/wbl-fast/usrs/ee/teacher-answer-rl/terminal_synthetic_tasks/easy/easy_5000/data_science/data_science_task_2416
medium_5000__security__security_task_2219,/wbl-fast/usrs/ee/teacher-answer-rl/terminal_synthetic_tasks/medium/medium_5000/security/security_task_2219
medium_5000__security__security_task_1286,/wbl-fast/usrs/ee/teacher-answer-rl/terminal_synthetic_tasks/medium/medium_5000/security/security_task_1286
easy_5000__data_science__data_science_task_1518,/wbl-fast/usrs/ee/teacher-answer-rl/terminal_synthetic_tasks/easy/easy_5000/data_science/data_science_task_1518
medium_5000__data_processing__data_processing_task_1907,/wbl-fast/usrs/ee/teacher-answer-rl/terminal_synthetic_tasks/medium/medium_5000/data_processing/data_processing_task_1907
medium_5000__data_querying__data_querying_task_3395,/wbl-fast/usrs/ee/teacher-answer-rl/terminal_synthetic_tasks/medium/medium_5000/data_querying/data_querying_task_3395
easy_5000__data_science__data_science_task_0811,/wbl-fast/usrs/ee/teacher-answer-rl/terminal_synthetic_tasks/easy/easy_5000/data_science/data_science_task_0811
medium_5000__security__security_task_4007,/wbl-fast/usrs/ee/teacher-answer-rl/terminal_synthetic_tasks/medium/medium_5000/security/security_task_4007
medium_5000__data_querying__data_querying_task_1669,/wbl-fast/usrs/ee/teacher-answer-rl/terminal_synthetic_tasks/medium/medium_5000/data_querying/data_querying_task_1669
medium_5000__data_querying__data_querying_task_2410,/wbl-fast/usrs/ee/teacher-answer-rl/terminal_synthetic_tasks/medium/medium_5000/data_querying/data_querying_task_2410
easy_5000__data_science__data_science_task_1636,/wbl-fast/usrs/ee/teacher-answer-rl/terminal_synthetic_tasks/easy/easy_5000/data_science/data_science_task_1636
easy_5000__data_science__data_science_task_4176,/wbl-fast/usrs/ee/teacher-answer-rl/terminal_synthetic_tasks/easy/easy_5000/data_science/data_science_task_4176
easy_5000__data_science__data_science_task_1166,/wbl-fast/usrs/ee/teacher-answer-rl/terminal_synthetic_tasks/easy/easy_5000/data_science/data_science_task_1166
medium_5000__security__security_task_3323,/wbl-fast/usrs/ee/teacher-answer-rl/terminal_synthetic_tasks/medium/medium_5000/security/security_task_3323
medium_5000__data_querying__data_querying_task_4643,/wbl-fast/usrs/ee/teacher-answer-rl/terminal_synthetic_tasks/medium/medium_5000/data_querying/data_querying_task_4643
easy_5000__data_science__data_science_task_3417,/wbl-fast/usrs/ee/teacher-answer-rl/terminal_synthetic_tasks/easy/easy_5000/data_science/data_science_task_3417
medium_5000__security__security_task_2253,/wbl-fast/usrs/ee/teacher-answer-rl/terminal_synthetic_tasks/medium/medium_5000/security/security_task_2253
medium_5000__security__security_task_1224,/wbl-fast/usrs/ee/teacher-answer-rl/terminal_synthetic_tasks/medium/medium_5000/security/security_task_1224
easy_5000__data_science__data_science_task_2823,/wbl-fast/usrs/ee/teacher-answer-rl/terminal_synthetic_tasks/easy/easy_5000/data_science/data_science_task_2823
medium_5000__data_querying__data_querying_task_3452,/wbl-fast/usrs/ee/teacher-answer-rl/terminal_synthetic_tasks/medium/medium_5000/data_querying/data_querying_task_3452
easy_5000__data_science__data_science_task_0607,/wbl-fast/usrs/ee/teacher-answer-rl/terminal_synthetic_tasks/easy/easy_5000/data_science/data_science_task_0607
medium_5000__data_querying__data_querying_task_3058,/wbl-fast/usrs/ee/teacher-answer-rl/terminal_synthetic_tasks/medium/medium_5000/data_querying/data_querying_task_3058
easy_5000__data_science__data_science_task_4916,/wbl-fast/usrs/ee/teacher-answer-rl/terminal_synthetic_tasks/easy/easy_5000/data_science/data_science_task_4916
easy_5000__data_science__data_science_task_2675,/wbl-fast/usrs/ee/teacher-answer-rl/terminal_synthetic_tasks/easy/easy_5000/data_science/data_science_task_2675
easy_5000__data_science__data_science_task_0930,/wbl-fast/usrs/ee/teacher-answer-rl/terminal_synthetic_tasks/easy/easy_5000/data_science/data_science_task_0930
medium_5000__data_querying__data_querying_task_4196,/wbl-fast/usrs/ee/teacher-answer-rl/terminal_synthetic_tasks/medium/medium_5000/data_querying/data_querying_task_4196
medium_5000__security__security_task_2978,/wbl-fast/usrs/ee/teacher-answer-rl/terminal_synthetic_tasks/medium/medium_5000/security/security_task_2978
easy_5000__data_science__data_science_task_3815,/wbl-fast/usrs/ee/teacher-answer-rl/terminal_synthetic_tasks/easy/easy_5000/data_science/data_science_task_3815
medium_5000__data_processing__data_processing_task_1589,/wbl-fast/usrs/ee/teacher-answer-rl/terminal_synthetic_tasks/medium/medium_5000/data_processing/data_processing_task_1589
medium_5000__data_querying__data_querying_task_3664,/wbl-fast/usrs/ee/teacher-answer-rl/terminal_synthetic_tasks/medium/medium_5000/data_querying/data_querying_task_3664
easy_5000__data_science__data_science_task_0647,/wbl-fast/usrs/ee/teacher-answer-rl/terminal_synthetic_tasks/easy/easy_5000/data_science/data_science_task_0647
medium_5000__security__security_task_0264,/wbl-fast/usrs/ee/teacher-answer-rl/terminal_synthetic_tasks/medium/medium_5000/security/security_task_0264
medium_5000__security__security_task_1142,/wbl-fast/usrs/ee/teacher-answer-rl/terminal_synthetic_tasks/medium/medium_5000/security/security_task_1142
easy_5000__data_science__data_science_task_0683,/wbl-fast/usrs/ee/teacher-answer-rl/terminal_synthetic_tasks/easy/easy_5000/data_science/data_science_task_0683
medium_5000__security__security_task_3091,/wbl-fast/usrs/ee/teacher-answer-rl/terminal_synthetic_tasks/medium/medium_5000/security/security_task_3091
easy_5000__data_science__data_science_task_3064,/wbl-fast/usrs/ee/teacher-answer-rl/terminal_synthetic_tasks/easy/easy_5000/data_science/data_science_task_3064
medium_5000__data_processing__data_processing_task_3226,/wbl-fast/usrs/ee/teacher-answer-rl/terminal_synthetic_tasks/medium/medium_5000/data_processing/data_processing_task_3226
medium_5000__data_processing__data_processing_task_1867,/wbl-fast/usrs/ee/teacher-answer-rl/terminal_synthetic_tasks/medium/medium_5000/data_processing/data_processing_task_1867
easy_5000__data_science__data_science_task_3450,/wbl-fast/usrs/ee/teacher-answer-rl/terminal_synthetic_tasks/easy/easy_5000/data_science/data_science_task_3450
easy_5000__data_science__data_science_task_4406,/wbl-fast/usrs/ee/teacher-answer-rl/terminal_synthetic_tasks/easy/easy_5000/data_science/data_science_task_4406
medium_5000__security__security_task_0374,/wbl-fast/usrs/ee/teacher-answer-rl/terminal_synthetic_tasks/medium/medium_5000/security/security_task_0374
medium_5000__data_querying__data_querying_task_0413,/wbl-fast/usrs/ee/teacher-answer-rl/terminal_synthetic_tasks/medium/medium_5000/data_querying/data_querying_task_0413
easy_5000__data_science__data_science_task_4520,/wbl-fast/usrs/ee/teacher-answer-rl/terminal_synthetic_tasks/easy/easy_5000/data_science/data_science_task_4520
medium_5000__security__security_task_4142,/wbl-fast/usrs/ee/teacher-answer-rl/terminal_synthetic_tasks/medium/medium_5000/security/security_task_4142
easy_5000__data_science__data_science_task_3355,/wbl-fast/usrs/ee/teacher-answer-rl/terminal_synthetic_tasks/easy/easy_5000/data_science/data_science_task_3355
easy_5000__data_science__data_science_task_3106,/wbl-fast/usrs/ee/teacher-answer-rl/terminal_synthetic_tasks/easy/easy_5000/data_science/data_science_task_3106
easy_5000__data_science__data_science_task_4695,/wbl-fast/usrs/ee/teacher-answer-rl/terminal_synthetic_tasks/easy/easy_5000/data_science/data_science_task_4695
medium_5000__data_querying__data_querying_task_3425,/wbl-fast/usrs/ee/teacher-answer-rl/terminal_synthetic_tasks/medium/medium_5000/data_querying/data_querying_task_3425
easy_5000__data_science__data_science_task_3942,/wbl-fast/usrs/ee/teacher-answer-rl/terminal_synthetic_tasks/easy/easy_5000/data_science/data_science_task_3942
easy_5000__data_science__data_science_task_4915,/wbl-fast/usrs/ee/teacher-answer-rl/terminal_synthetic_tasks/easy/easy_5000/data_science/data_science_task_4915
easy_5000__data_science__data_science_task_1158,/wbl-fast/usrs/ee/teacher-answer-rl/terminal_synthetic_tasks/easy/easy_5000/data_science/data_science_task_1158
easy_5000__data_science__data_science_task_0222,/wbl-fast/usrs/ee/teacher-answer-rl/terminal_synthetic_tasks/easy/easy_5000/data_science/data_science_task_0222
easy_5000__data_science__data_science_task_1284,/wbl-fast/usrs/ee/teacher-answer-rl/terminal_synthetic_tasks/easy/easy_5000/data_science/data_science_task_1284
easy_5000__data_science__data_science_task_2454,/wbl-fast/usrs/ee/teacher-answer-rl/terminal_synthetic_tasks/easy/easy_5000/data_science/data_science_task_2454
easy_5000__data_science__data_science_task_1665,/wbl-fast/usrs/ee/teacher-answer-rl/terminal_synthetic_tasks/easy/easy_5000/data_science/data_science_task_1665
medium_5000__data_querying__data_querying_task_3892,/wbl-fast/usrs/ee/teacher-answer-rl/terminal_synthetic_tasks/medium/medium_5000/data_querying/data_querying_task_3892
medium_5000__data_querying__data_querying_task_1519,/wbl-fast/usrs/ee/teacher-answer-rl/terminal_synthetic_tasks/medium/medium_5000/data_querying/data_querying_task_1519
medium_5000__data_processing__data_processing_task_3066,/wbl-fast/usrs/ee/teacher-answer-rl/terminal_synthetic_tasks/medium/medium_5000/data_processing/data_processing_task_3066
easy_5000__data_science__data_science_task_0801,/wbl-fast/usrs/ee/teacher-answer-rl/terminal_synthetic_tasks/easy/easy_5000/data_science/data_science_task_0801
medium_5000__data_querying__data_querying_task_4202,/wbl-fast/usrs/ee/teacher-answer-rl/terminal_synthetic_tasks/medium/medium_5000/data_querying/data_querying_task_4202
easy_5000__data_science__data_science_task_2852,/wbl-fast/usrs/ee/teacher-answer-rl/terminal_synthetic_tasks/easy/easy_5000/data_science/data_science_task_2852
medium_5000__data_querying__data_querying_task_0977,/wbl-fast/usrs/ee/teacher-answer-rl/terminal_synthetic_tasks/medium/medium_5000/data_querying/data_querying_task_0977
easy_5000__data_science__data_science_task_4578,/wbl-fast/usrs/ee/teacher-answer-rl/terminal_synthetic_tasks/easy/easy_5000/data_science/data_science_task_4578
medium_5000__data_processing__data_processing_task_2972,/wbl-fast/usrs/ee/teacher-answer-rl/terminal_synthetic_tasks/medium/medium_5000/data_processing/data_processing_task_2972
medium_5000__security__security_task_2042,/wbl-fast/usrs/ee/teacher-answer-rl/terminal_synthetic_tasks/medium/medium_5000/security/security_task_2042
easy_5000__data_science__data_science_task_1648,/wbl-fast/usrs/ee/teacher-answer-rl/terminal_synthetic_tasks/easy/easy_5000/data_science/data_science_task_1648
easy_5000__data_science__data_science_task_0587,/wbl-fast/usrs/ee/teacher-answer-rl/terminal_synthetic_tasks/easy/easy_5000/data_science/data_science_task_0587
medium_5000__security__security_task_0397,/wbl-fast/usrs/ee/teacher-answer-rl/terminal_synthetic_tasks/medium/medium_5000/security/security_task_0397
easy_5000__data_science__data_science_task_3875,/wbl-fast/usrs/ee/teacher-answer-rl/terminal_synthetic_tasks/easy/easy_5000/data_science/data_science_task_3875
medium_5000__data_querying__data_querying_task_0831,/wbl-fast/usrs/ee/teacher-answer-rl/terminal_synthetic_tasks/medium/medium_5000/data_querying/data_querying_task_0831
easy_5000__data_science__data_science_task_2157,/wbl-fast/usrs/ee/teacher-answer-rl/terminal_synthetic_tasks/easy/easy_5000/data_science/data_science_task_2157
medium_5000__security__security_task_1164,/wbl-fast/usrs/ee/teacher-answer-rl/terminal_synthetic_tasks/medium/medium_5000/security/security_task_1164
easy_5000__data_science__data_science_task_4891,/wbl-fast/usrs/ee/teacher-answer-rl/terminal_synthetic_tasks/easy/easy_5000/data_science/data_science_task_4891
medium_5000__data_querying__data_querying_task_4913,/wbl-fast/usrs/ee/teacher-answer-rl/terminal_synthetic_tasks/medium/medium_5000/data_querying/data_querying_task_4913
medium_5000__security__security_task_0331,/wbl-fast/usrs/ee/teacher-answer-rl/terminal_synthetic_tasks/medium/medium_5000/security/security_task_0331
medium_5000__data_processing__data_processing_task_0425,/wbl-fast/usrs/ee/teacher-answer-rl/terminal_synthetic_tasks/medium/medium_5000/data_processing/data_processing_task_0425
medium_5000__data_processing__data_processing_task_2532,/wbl-fast/usrs/ee/teacher-answer-rl/terminal_synthetic_tasks/medium/medium_5000/data_processing/data_processing_task_2532
easy_5000__data_science__data_science_task_3497,/wbl-fast/usrs/ee/teacher-answer-rl/terminal_synthetic_tasks/easy/easy_5000/data_science/data_science_task_3497
medium_5000__data_querying__data_querying_task_4977,/wbl-fast/usrs/ee/teacher-answer-rl/terminal_synthetic_tasks/medium/medium_5000/data_querying/data_querying_task_4977
medium_5000__security__security_task_4492,/wbl-fast/usrs/ee/teacher-answer-rl/terminal_synthetic_tasks/medium/medium_5000/security/security_task_4492
easy_5000__data_science__data_science_task_4114,/wbl-fast/usrs/ee/teacher-answer-rl/terminal_synthetic_tasks/easy/easy_5000/data_science/data_science_task_4114
easy_5000__data_science__data_science_task_1506,/wbl-fast/usrs/ee/teacher-answer-rl/terminal_synthetic_tasks/easy/easy_5000/data_science/data_science_task_1506
easy_5000__data_science__data_science_task_2757,/wbl-fast/usrs/ee/teacher-answer-rl/terminal_synthetic_tasks/easy/easy_5000/data_science/data_science_task_2757
easy_5000__data_science__data_science_task_4264,/wbl-fast/usrs/ee/teacher-answer-rl/terminal_synthetic_tasks/easy/easy_5000/data_science/data_science_task_4264
easy_5000__data_science__data_science_task_1359,/wbl-fast/usrs/ee/teacher-answer-rl/terminal_synthetic_tasks/easy/easy_5000/data_science/data_science_task_1359
easy_5000__data_science__data_science_task_3978,/wbl-fast/usrs/ee/teacher-answer-rl/terminal_synthetic_tasks/easy/easy_5000/data_science/data_science_task_3978
easy_5000__data_science__data_science_task_2308,/wbl-fast/usrs/ee/teacher-answer-rl/terminal_synthetic_tasks/easy/easy_5000/data_science/data_science_task_2308
medium_5000__data_querying__data_querying_task_2683,/wbl-fast/usrs/ee/teacher-answer-rl/terminal_synthetic_tasks/medium/medium_5000/data_querying/data_querying_task_2683
medium_5000__data_processing__data_processing_task_3891,/wbl-fast/usrs/ee/teacher-answer-rl/terminal_synthetic_tasks/medium/medium_5000/data_processing/data_processing_task_3891
medium_5000__data_processing__data_processing_task_4668,/wbl-fast/usrs/ee/teacher-answer-rl/terminal_synthetic_tasks/medium/medium_5000/data_processing/data_processing_task_4668
easy_5000__data_science__data_science_task_4442,/wbl-fast/usrs/ee/teacher-answer-rl/terminal_synthetic_tasks/easy/easy_5000/data_science/data_science_task_4442
easy_5000__data_science__data_science_task_2753,/wbl-fast/usrs/ee/teacher-answer-rl/terminal_synthetic_tasks/easy/easy_5000/data_science/data_science_task_2753
medium_5000__security__security_task_2796,/wbl-fast/usrs/ee/teacher-answer-rl/terminal_synthetic_tasks/medium/medium_5000/security/security_task_2796
easy_5000__data_science__data_science_task_3767,/wbl-fast/usrs/ee/teacher-answer-rl/terminal_synthetic_tasks/easy/easy_5000/data_science/data_science_task_3767
medium_5000__data_processing__data_processing_task_2883,/wbl-fast/usrs/ee/teacher-answer-rl/terminal_synthetic_tasks/medium/medium_5000/data_processing/data_processing_task_2883
easy_5000__data_science__data_science_task_0822,/wbl-fast/usrs/ee/teacher-answer-rl/terminal_synthetic_tasks/easy/easy_5000/data_science/data_science_task_0822
medium_5000__data_processing__data_processing_task_0493,/wbl-fast/usrs/ee/teacher-answer-rl/terminal_synthetic_tasks/medium/medium_5000/data_processing/data_processing_task_0493
medium_5000__data_processing__data_processing_task_1642,/wbl-fast/usrs/ee/teacher-answer-rl/terminal_synthetic_tasks/medium/medium_5000/data_processing/data_processing_task_1642
medium_5000__data_querying__data_querying_task_4086,/wbl-fast/usrs/ee/teacher-answer-rl/terminal_synthetic_tasks/medium/medium_5000/data_querying/data_querying_task_4086
medium_5000__data_querying__data_querying_task_1634,/wbl-fast/usrs/ee/teacher-answer-rl/terminal_synthetic_tasks/medium/medium_5000/data_querying/data_querying_task_1634
medium_5000__security__security_task_0055,/wbl-fast/usrs/ee/teacher-answer-rl/terminal_synthetic_tasks/medium/medium_5000/security/security_task_0055
easy_5000__data_science__data_science_task_1511,/wbl-fast/usrs/ee/teacher-answer-rl/terminal_synthetic_tasks/easy/easy_5000/data_science/data_science_task_1511
medium_5000__data_querying__data_querying_task_0072,/wbl-fast/usrs/ee/teacher-answer-rl/terminal_synthetic_tasks/medium/medium_5000/data_querying/data_querying_task_0072
easy_5000__data_science__data_science_task_2283,/wbl-fast/usrs/ee/teacher-answer-rl/terminal_synthetic_tasks/easy/easy_5000/data_science/data_science_task_2283
medium_5000__security__security_task_1363,/wbl-fast/usrs/ee/teacher-answer-rl/terminal_synthetic_tasks/medium/medium_5000/security/security_task_1363
medium_5000__security__security_task_2229,/wbl-fast/usrs/ee/teacher-answer-rl/terminal_synthetic_tasks/medium/medium_5000/security/security_task_2229
medium_5000__security__security_task_0283,/wbl-fast/usrs/ee/teacher-answer-rl/terminal_synthetic_tasks/medium/medium_5000/security/security_task_0283
easy_5000__data_science__data_science_task_2295,/wbl-fast/usrs/ee/teacher-answer-rl/terminal_synthetic_tasks/easy/easy_5000/data_science/data_science_task_2295
medium_5000__data_processing__data_processing_task_0553,/wbl-fast/usrs/ee/teacher-answer-rl/terminal_synthetic_tasks/medium/medium_5000/data_processing/data_processing_task_0553
easy_5000__data_science__data_science_task_1745,/wbl-fast/usrs/ee/teacher-answer-rl/terminal_synthetic_tasks/easy/easy_5000/data_science/data_science_task_1745
easy_5000__data_science__data_science_task_3535,/wbl-fast/usrs/ee/teacher-answer-rl/terminal_synthetic_tasks/easy/easy_5000/data_science/data_science_task_3535
easy_5000__data_science__data_science_task_3148,/wbl-fast/usrs/ee/teacher-answer-rl/terminal_synthetic_tasks/easy/easy_5000/data_science/data_science_task_3148
medium_5000__data_querying__data_querying_task_1898,/wbl-fast/usrs/ee/teacher-answer-rl/terminal_synthetic_tasks/medium/medium_5000/data_querying/data_querying_task_1898
medium_5000__security__security_task_0683,/wbl-fast/usrs/ee/teacher-answer-rl/terminal_synthetic_tasks/medium/medium_5000/security/security_task_0683
easy_5000__data_science__data_science_task_4150,/wbl-fast/usrs/ee/teacher-answer-rl/terminal_synthetic_tasks/easy/easy_5000/data_science/data_science_task_4150
medium_5000__security__security_task_4519,/wbl-fast/usrs/ee/teacher-answer-rl/terminal_synthetic_tasks/medium/medium_5000/security/security_task_4519
easy_5000__data_science__data_science_task_0037,/wbl-fast/usrs/ee/teacher-answer-rl/terminal_synthetic_tasks/easy/easy_5000/data_science/data_science_task_0037
medium_5000__security__security_task_4521,/wbl-fast/usrs/ee/teacher-answer-rl/terminal_synthetic_tasks/medium/medium_5000/security/security_task_4521
medium_5000__data_querying__data_querying_task_1240,/wbl-fast/usrs/ee/teacher-answer-rl/terminal_synthetic_tasks/medium/medium_5000/data_querying/data_querying_task_1240
medium_5000__security__security_task_2267,/wbl-fast/usrs/ee/teacher-answer-rl/terminal_synthetic_tasks/medium/medium_5000/security/security_task_2267
easy_5000__data_science__data_science_task_3952,/wbl-fast/usrs/ee/teacher-answer-rl/terminal_synthetic_tasks/easy/easy_5000/data_science/data_science_task_3952
medium_5000__data_querying__data_querying_task_3261,/wbl-fast/usrs/ee/teacher-answer-rl/terminal_synthetic_tasks/medium/medium_5000/data_querying/data_querying_task_3261
easy_5000__data_science__data_science_task_1450,/wbl-fast/usrs/ee/teacher-answer-rl/terminal_synthetic_tasks/easy/easy_5000/data_science/data_science_task_1450
easy_5000__data_science__data_science_task_3652,/wbl-fast/usrs/ee/teacher-answer-rl/terminal_synthetic_tasks/easy/easy_5000/data_science/data_science_task_3652
easy_5000__data_science__data_science_task_4523,/wbl-fast/usrs/ee/teacher-answer-rl/terminal_synthetic_tasks/easy/easy_5000/data_science/data_science_task_4523
easy_5000__data_science__data_science_task_0116,/wbl-fast/usrs/ee/teacher-answer-rl/terminal_synthetic_tasks/easy/easy_5000/data_science/data_science_task_0116
medium_5000__security__security_task_3951,/wbl-fast/usrs/ee/teacher-answer-rl/terminal_synthetic_tasks/medium/medium_5000/security/security_task_3951
easy_5000__data_science__data_science_task_1237,/wbl-fast/usrs/ee/teacher-answer-rl/terminal_synthetic_tasks/easy/easy_5000/data_science/data_science_task_1237
medium_5000__data_querying__data_querying_task_3359,/wbl-fast/usrs/ee/teacher-answer-rl/terminal_synthetic_tasks/medium/medium_5000/data_querying/data_querying_task_3359
medium_5000__data_querying__data_querying_task_3474,/wbl-fast/usrs/ee/teacher-answer-rl/terminal_synthetic_tasks/medium/medium_5000/data_querying/data_querying_task_3474
medium_5000__data_processing__data_processing_task_0641,/wbl-fast/usrs/ee/teacher-answer-rl/terminal_synthetic_tasks/medium/medium_5000/data_processing/data_processing_task_0641
easy_5000__data_science__data_science_task_4806,/wbl-fast/usrs/ee/teacher-answer-rl/terminal_synthetic_tasks/easy/easy_5000/data_science/data_science_task_4806
medium_5000__data_querying__data_querying_task_1896,/wbl-fast/usrs/ee/teacher-answer-rl/terminal_synthetic_tasks/medium/medium_5000/data_querying/data_querying_task_1896
medium_5000__data_querying__data_querying_task_2059,/wbl-fast/usrs/ee/teacher-answer-rl/terminal_synthetic_tasks/medium/medium_5000/data_querying/data_querying_task_2059
easy_5000__data_science__data_science_task_3943,/wbl-fast/usrs/ee/teacher-answer-rl/terminal_synthetic_tasks/easy/easy_5000/data_science/data_science_task_3943
medium_5000__data_processing__data_processing_task_0086,/wbl-fast/usrs/ee/teacher-answer-rl/terminal_synthetic_tasks/medium/medium_5000/data_processing/data_processing_task_0086
medium_5000__data_querying__data_querying_task_1673,/wbl-fast/usrs/ee/teacher-answer-rl/terminal_synthetic_tasks/medium/medium_5000/data_querying/data_querying_task_1673
easy_5000__data_science__data_science_task_3889,/wbl-fast/usrs/ee/teacher-answer-rl/terminal_synthetic_tasks/easy/easy_5000/data_science/data_science_task_3889
easy_5000__data_science__data_science_task_0534,/wbl-fast/usrs/ee/teacher-answer-rl/terminal_synthetic_tasks/easy/easy_5000/data_science/data_science_task_0534
easy_5000__data_science__data_science_task_2796,/wbl-fast/usrs/ee/teacher-answer-rl/terminal_synthetic_tasks/easy/easy_5000/data_science/data_science_task_2796
easy_5000__data_science__data_science_task_1803,/wbl-fast/usrs/ee/teacher-answer-rl/terminal_synthetic_tasks/easy/easy_5000/data_science/data_science_task_1803
easy_5000__data_science__data_science_task_2604,/wbl-fast/usrs/ee/teacher-answer-rl/terminal_synthetic_tasks/easy/easy_5000/data_science/data_science_task_2604
medium_5000__data_querying__data_querying_task_0037,/wbl-fast/usrs/ee/teacher-answer-rl/terminal_synthetic_tasks/medium/medium_5000/data_querying/data_querying_task_0037
medium_5000__data_querying__data_querying_task_1159,/wbl-fast/usrs/ee/teacher-answer-rl/terminal_synthetic_tasks/medium/medium_5000/data_querying/data_querying_task_1159
medium_5000__data_processing__data_processing_task_2595,/wbl-fast/usrs/ee/teacher-answer-rl/terminal_synthetic_tasks/medium/medium_5000/data_processing/data_processing_task_2595
easy_5000__data_science__data_science_task_0522,/wbl-fast/usrs/ee/teacher-answer-rl/terminal_synthetic_tasks/easy/easy_5000/data_science/data_science_task_0522
easy_5000__data_science__data_science_task_1032,/wbl-fast/usrs/ee/teacher-answer-rl/terminal_synthetic_tasks/easy/easy_5000/data_science/data_science_task_1032
easy_5000__data_science__data_science_task_3906,/wbl-fast/usrs/ee/teacher-answer-rl/terminal_synthetic_tasks/easy/easy_5000/data_science/data_science_task_3906
easy_5000__data_science__data_science_task_0669,/wbl-fast/usrs/ee/teacher-answer-rl/terminal_synthetic_tasks/easy/easy_5000/data_science/data_science_task_0669
easy_5000__data_science__data_science_task_1012,/wbl-fast/usrs/ee/teacher-answer-rl/terminal_synthetic_tasks/easy/easy_5000/data_science/data_science_task_1012
medium_5000__data_querying__data_querying_task_2983,/wbl-fast/usrs/ee/teacher-answer-rl/terminal_synthetic_tasks/medium/medium_5000/data_querying/data_querying_task_2983
easy_5000__data_science__data_science_task_1020,/wbl-fast/usrs/ee/teacher-answer-rl/terminal_synthetic_tasks/easy/easy_5000/data_science/data_science_task_1020
easy_5000__data_science__data_science_task_1613,/wbl-fast/usrs/ee/teacher-answer-rl/terminal_synthetic_tasks/easy/easy_5000/data_science/data_science_task_1613
easy_5000__data_science__data_science_task_3965,/wbl-fast/usrs/ee/teacher-answer-rl/terminal_synthetic_tasks/easy/easy_5000/data_science/data_science_task_3965
medium_5000__security__security_task_4963,/wbl-fast/usrs/ee/teacher-answer-rl/terminal_synthetic_tasks/medium/medium_5000/security/security_task_4963
medium_5000__data_processing__data_processing_task_1049,/wbl-fast/usrs/ee/teacher-answer-rl/terminal_synthetic_tasks/medium/medium_5000/data_processing/data_processing_task_1049
easy_5000__data_science__data_science_task_0622,/wbl-fast/usrs/ee/teacher-answer-rl/terminal_synthetic_tasks/easy/easy_5000/data_science/data_science_task_0622
medium_5000__data_querying__data_querying_task_3203,/wbl-fast/usrs/ee/teacher-answer-rl/terminal_synthetic_tasks/medium/medium_5000/data_querying/data_querying_task_3203
easy_5000__data_science__data_science_task_0002,/wbl-fast/usrs/ee/teacher-answer-rl/terminal_synthetic_tasks/easy/easy_5000/data_science/data_science_task_0002
medium_5000__data_querying__data_querying_task_2967,/wbl-fast/usrs/ee/teacher-answer-rl/terminal_synthetic_tasks/medium/medium_5000/data_querying/data_querying_task_2967
easy_5000__data_science__data_science_task_1089,/wbl-fast/usrs/ee/teacher-answer-rl/terminal_synthetic_tasks/easy/easy_5000/data_science/data_science_task_1089
medium_5000__data_processing__data_processing_task_0308,/wbl-fast/usrs/ee/teacher-answer-rl/terminal_synthetic_tasks/medium/medium_5000/data_processing/data_processing_task_0308
easy_5000__data_science__data_science_task_4359,/wbl-fast/usrs/ee/teacher-answer-rl/terminal_synthetic_tasks/easy/easy_5000/data_science/data_science_task_4359
medium_5000__data_querying__data_querying_task_3417,/wbl-fast/usrs/ee/teacher-answer-rl/terminal_synthetic_tasks/medium/medium_5000/data_querying/data_querying_task_3417
easy_5000__data_science__data_science_task_3354,/wbl-fast/usrs/ee/teacher-answer-rl/terminal_synthetic_tasks/easy/easy_5000/data_science/data_science_task_3354
easy_5000__data_science__data_science_task_4767,/wbl-fast/usrs/ee/teacher-answer-rl/terminal_synthetic_tasks/easy/easy_5000/data_science/data_science_task_4767
easy_5000__data_science__data_science_task_2068,/wbl-fast/usrs/ee/teacher-answer-rl/terminal_synthetic_tasks/easy/easy_5000/data_science/data_science_task_2068
medium_5000__security__security_task_0120,/wbl-fast/usrs/ee/teacher-answer-rl/terminal_synthetic_tasks/medium/medium_5000/security/security_task_0120
medium_5000__data_querying__data_querying_task_1501,/wbl-fast/usrs/ee/teacher-answer-rl/terminal_synthetic_tasks/medium/medium_5000/data_querying/data_querying_task_1501
medium_5000__data_processing__data_processing_task_4440,/wbl-fast/usrs/ee/teacher-answer-rl/terminal_synthetic_tasks/medium/medium_5000/data_processing/data_processing_task_4440
easy_5000__data_science__data_science_task_1884,/wbl-fast/usrs/ee/teacher-answer-rl/terminal_synthetic_tasks/easy/easy_5000/data_science/data_science_task_1884
medium_5000__data_querying__data_querying_task_3559,/wbl-fast/usrs/ee/teacher-answer-rl/terminal_synthetic_tasks/medium/medium_5000/data_querying/data_querying_task_3559
medium_5000__data_processing__data_processing_task_3319,/wbl-fast/usrs/ee/teacher-answer-rl/terminal_synthetic_tasks/medium/medium_5000/data_processing/data_processing_task_3319
medium_5000__data_querying__data_querying_task_1545,/wbl-fast/usrs/ee/teacher-answer-rl/terminal_synthetic_tasks/medium/medium_5000/data_querying/data_querying_task_1545
medium_5000__data_processing__data_processing_task_2987,/wbl-fast/usrs/ee/teacher-answer-rl/terminal_synthetic_tasks/medium/medium_5000/data_processing/data_processing_task_2987
easy_5000__data_science__data_science_task_4795,/wbl-fast/usrs/ee/teacher-answer-rl/terminal_synthetic_tasks/easy/easy_5000/data_science/data_science_task_4795
easy_5000__data_science__data_science_task_3420,/wbl-fast/usrs/ee/teacher-answer-rl/terminal_synthetic_tasks/easy/easy_5000/data_science/data_science_task_3420
easy_5000__data_science__data_science_task_3593,/wbl-fast/usrs/ee/teacher-answer-rl/terminal_synthetic_tasks/easy/easy_5000/data_science/data_science_task_3593
easy_5000__data_science__data_science_task_4619,/wbl-fast/usrs/ee/teacher-answer-rl/terminal_synthetic_tasks/easy/easy_5000/data_science/data_science_task_4619
easy_5000__data_science__data_science_task_0699,/wbl-fast/usrs/ee/teacher-answer-rl/terminal_synthetic_tasks/easy/easy_5000/data_science/data_science_task_0699
medium_5000__data_processing__data_processing_task_1700,/wbl-fast/usrs/ee/teacher-answer-rl/terminal_synthetic_tasks/medium/medium_5000/data_processing/data_processing_task_1700
easy_5000__data_science__data_science_task_4696,/wbl-fast/usrs/ee/teacher-answer-rl/terminal_synthetic_tasks/easy/easy_5000/data_science/data_science_task_4696
medium_5000__security__security_task_3986,/wbl-fast/usrs/ee/teacher-answer-rl/terminal_synthetic_tasks/medium/medium_5000/security/security_task_3986
medium_5000__security__security_task_0388,/wbl-fast/usrs/ee/teacher-answer-rl/terminal_synthetic_tasks/medium/medium_5000/security/security_task_0388
medium_5000__data_processing__data_processing_task_3628,/wbl-fast/usrs/ee/teacher-answer-rl/terminal_synthetic_tasks/medium/medium_5000/data_processing/data_processing_task_3628
medium_5000__security__security_task_3445,/wbl-fast/usrs/ee/teacher-answer-rl/terminal_synthetic_tasks/medium/medium_5000/security/security_task_3445
easy_5000__data_science__data_science_task_2503,/wbl-fast/usrs/ee/teacher-answer-rl/terminal_synthetic_tasks/easy/easy_5000/data_science/data_science_task_2503
medium_5000__data_processing__data_processing_task_3546,/wbl-fast/usrs/ee/teacher-answer-rl/terminal_synthetic_tasks/medium/medium_5000/data_processing/data_processing_task_3546
medium_5000__data_processing__data_processing_task_2110,/wbl-fast/usrs/ee/teacher-answer-rl/terminal_synthetic_tasks/medium/medium_5000/data_processing/data_processing_task_2110
easy_5000__data_science__data_science_task_3726,/wbl-fast/usrs/ee/teacher-answer-rl/terminal_synthetic_tasks/easy/easy_5000/data_science/data_science_task_3726
medium_5000__data_processing__data_processing_task_4086,/wbl-fast/usrs/ee/teacher-answer-rl/terminal_synthetic_tasks/medium/medium_5000/data_processing/data_processing_task_4086
medium_5000__data_querying__data_querying_task_3169,/wbl-fast/usrs/ee/teacher-answer-rl/terminal_synthetic_tasks/medium/medium_5000/data_querying/data_querying_task_3169
medium_5000__data_processing__data_processing_task_0508,/wbl-fast/usrs/ee/teacher-answer-rl/terminal_synthetic_tasks/medium/medium_5000/data_processing/data_processing_task_0508
easy_5000__data_science__data_science_task_4755,/wbl-fast/usrs/ee/teacher-answer-rl/terminal_synthetic_tasks/easy/easy_5000/data_science/data_science_task_4755
easy_5000__data_science__data_science_task_1138,/wbl-fast/usrs/ee/teacher-answer-rl/terminal_synthetic_tasks/easy/easy_5000/data_science/data_science_task_1138
easy_5000__data_science__data_science_task_0249,/wbl-fast/usrs/ee/teacher-answer-rl/terminal_synthetic_tasks/easy/easy_5000/data_science/data_science_task_0249
medium_5000__data_querying__data_querying_task_3602,/wbl-fast/usrs/ee/teacher-answer-rl/terminal_synthetic_tasks/medium/medium_5000/data_querying/data_querying_task_3602
easy_5000__data_science__data_science_task_2060,/wbl-fast/usrs/ee/teacher-answer-rl/terminal_synthetic_tasks/easy/easy_5000/data_science/data_science_task_2060
medium_5000__data_querying__data_querying_task_2135,/wbl-fast/usrs/ee/teacher-answer-rl/terminal_synthetic_tasks/medium/medium_5000/data_querying/data_querying_task_2135
easy_5000__data_science__data_science_task_1478,/wbl-fast/usrs/ee/teacher-answer-rl/terminal_synthetic_tasks/easy/easy_5000/data_science/data_science_task_1478
easy_5000__data_science__data_science_task_4836,/wbl-fast/usrs/ee/teacher-answer-rl/terminal_synthetic_tasks/easy/easy_5000/data_science/data_science_task_4836
medium_5000__security__security_task_0971,/wbl-fast/usrs/ee/teacher-answer-rl/terminal_synthetic_tasks/medium/medium_5000/security/security_task_0971
medium_5000__security__security_task_0004,/wbl-fast/usrs/ee/teacher-answer-rl/terminal_synthetic_tasks/medium/medium_5000/security/security_task_0004
easy_5000__data_science__data_science_task_3599,/wbl-fast/usrs/ee/teacher-answer-rl/terminal_synthetic_tasks/easy/easy_5000/data_science/data_science_task_3599
medium_5000__data_querying__data_querying_task_4780,/wbl-fast/usrs/ee/teacher-answer-rl/terminal_synthetic_tasks/medium/medium_5000/data_querying/data_querying_task_4780
medium_5000__data_processing__data_processing_task_2557,/wbl-fast/usrs/ee/teacher-answer-rl/terminal_synthetic_tasks/medium/medium_5000/data_processing/data_processing_task_2557
easy_5000__data_science__data_science_task_1209,/wbl-fast/usrs/ee/teacher-answer-rl/terminal_synthetic_tasks/easy/easy_5000/data_science/data_science_task_1209
medium_5000__data_querying__data_querying_task_3675,/wbl-fast/usrs/ee/teacher-answer-rl/terminal_synthetic_tasks/medium/medium_5000/data_querying/data_querying_task_3675
medium_5000__security__security_task_0556,/wbl-fast/usrs/ee/teacher-answer-rl/terminal_synthetic_tasks/medium/medium_5000/security/security_task_0556
easy_5000__data_science__data_science_task_1459,/wbl-fast/usrs/ee/teacher-answer-rl/terminal_synthetic_tasks/easy/easy_5000/data_science/data_science_task_1459
easy_5000__data_science__data_science_task_2953,/wbl-fast/usrs/ee/teacher-answer-rl/terminal_synthetic_tasks/easy/easy_5000/data_science/data_science_task_2953
medium_5000__security__security_task_4500,/wbl-fast/usrs/ee/teacher-answer-rl/terminal_synthetic_tasks/medium/medium_5000/security/security_task_4500
medium_5000__data_querying__data_querying_task_2029,/wbl-fast/usrs/ee/teacher-answer-rl/terminal_synthetic_tasks/medium/medium_5000/data_querying/data_querying_task_2029
easy_5000__data_science__data_science_task_1018,/wbl-fast/usrs/ee/teacher-answer-rl/terminal_synthetic_tasks/easy/easy_5000/data_science/data_science_task_1018
easy_5000__data_science__data_science_task_1433,/wbl-fast/usrs/ee/teacher-answer-rl/terminal_synthetic_tasks/easy/easy_5000/data_science/data_science_task_1433
medium_5000__data_processing__data_processing_task_4877,/wbl-fast/usrs/ee/teacher-answer-rl/terminal_synthetic_tasks/medium/medium_5000/data_processing/data_processing_task_4877
medium_5000__security__security_task_1708,/wbl-fast/usrs/ee/teacher-answer-rl/terminal_synthetic_tasks/medium/medium_5000/security/security_task_1708
medium_5000__data_processing__data_processing_task_3449,/wbl-fast/usrs/ee/teacher-answer-rl/terminal_synthetic_tasks/medium/medium_5000/data_processing/data_processing_task_3449
easy_5000__data_science__data_science_task_0265,/wbl-fast/usrs/ee/teacher-answer-rl/terminal_synthetic_tasks/easy/easy_5000/data_science/data_science_task_0265
easy_5000__data_science__data_science_task_4738,/wbl-fast/usrs/ee/teacher-answer-rl/terminal_synthetic_tasks/easy/easy_5000/data_science/data_science_task_4738
medium_5000__security__security_task_0228,/wbl-fast/usrs/ee/teacher-answer-rl/terminal_synthetic_tasks/medium/medium_5000/security/security_task_0228
easy_5000__data_science__data_science_task_2588,/wbl-fast/usrs/ee/teacher-answer-rl/terminal_synthetic_tasks/easy/easy_5000/data_science/data_science_task_2588
medium_5000__security__security_task_1228,/wbl-fast/usrs/ee/teacher-answer-rl/terminal_synthetic_tasks/medium/medium_5000/security/security_task_1228
easy_5000__data_science__data_science_task_3376,/wbl-fast/usrs/ee/teacher-answer-rl/terminal_synthetic_tasks/easy/easy_5000/data_science/data_science_task_3376
easy_5000__data_science__data_science_task_1604,/wbl-fast/usrs/ee/teacher-answer-rl/terminal_synthetic_tasks/easy/easy_5000/data_science/data_science_task_1604
medium_5000__data_querying__data_querying_task_0747,/wbl-fast/usrs/ee/teacher-answer-rl/terminal_synthetic_tasks/medium/medium_5000/data_querying/data_querying_task_0747
easy_5000__data_science__data_science_task_3089,/wbl-fast/usrs/ee/teacher-answer-rl/terminal_synthetic_tasks/easy/easy_5000/data_science/data_science_task_3089
easy_5000__data_science__data_science_task_3576,/wbl-fast/usrs/ee/teacher-answer-rl/terminal_synthetic_tasks/easy/easy_5000/data_science/data_science_task_3576
medium_5000__security__security_task_0105,/wbl-fast/usrs/ee/teacher-answer-rl/terminal_synthetic_tasks/medium/medium_5000/security/security_task_0105
medium_5000__data_processing__data_processing_task_0286,/wbl-fast/usrs/ee/teacher-answer-rl/terminal_synthetic_tasks/medium/medium_5000/data_processing/data_processing_task_0286
medium_5000__data_querying__data_querying_task_0639,/wbl-fast/usrs/ee/teacher-answer-rl/terminal_synthetic_tasks/medium/medium_5000/data_querying/data_querying_task_0639
easy_5000__data_science__data_science_task_0227,/wbl-fast/usrs/ee/teacher-answer-rl/terminal_synthetic_tasks/easy/easy_5000/data_science/data_science_task_0227
medium_5000__data_processing__data_processing_task_2025,/wbl-fast/usrs/ee/teacher-answer-rl/terminal_synthetic_tasks/medium/medium_5000/data_processing/data_processing_task_2025
easy_5000__data_science__data_science_task_2033,/wbl-fast/usrs/ee/teacher-answer-rl/terminal_synthetic_tasks/easy/easy_5000/data_science/data_science_task_2033
easy_5000__data_science__data_science_task_0850,/wbl-fast/usrs/ee/teacher-answer-rl/terminal_synthetic_tasks/easy/easy_5000/data_science/data_science_task_0850
medium_5000__security__security_task_0495,/wbl-fast/usrs/ee/teacher-answer-rl/terminal_synthetic_tasks/medium/medium_5000/security/security_task_0495
medium_5000__security__security_task_1156,/wbl-fast/usrs/ee/teacher-answer-rl/terminal_synthetic_tasks/medium/medium_5000/security/security_task_1156
easy_5000__data_science__data_science_task_2626,/wbl-fast/usrs/ee/teacher-answer-rl/terminal_synthetic_tasks/easy/easy_5000/data_science/data_science_task_2626
easy_5000__data_science__data_science_task_0902,/wbl-fast/usrs/ee/teacher-answer-rl/terminal_synthetic_tasks/easy/easy_5000/data_science/data_science_task_0902
medium_5000__security__security_task_4372,/wbl-fast/usrs/ee/teacher-answer-rl/terminal_synthetic_tasks/medium/medium_5000/security/security_task_4372
easy_5000__data_science__data_science_task_4881,/wbl-fast/usrs/ee/teacher-answer-rl/terminal_synthetic_tasks/easy/easy_5000/data_science/data_science_task_4881
medium_5000__security__security_task_0576,/wbl-fast/usrs/ee/teacher-answer-rl/terminal_synthetic_tasks/medium/medium_5000/security/security_task_0576
medium_5000__security__security_task_0925,/wbl-fast/usrs/ee/teacher-answer-rl/terminal_synthetic_tasks/medium/medium_5000/security/security_task_0925
easy_5000__data_science__data_science_task_2240,/wbl-fast/usrs/ee/teacher-answer-rl/terminal_synthetic_tasks/easy/easy_5000/data_science/data_science_task_2240
medium_5000__security__security_task_0914,/wbl-fast/usrs/ee/teacher-answer-rl/terminal_synthetic_tasks/medium/medium_5000/security/security_task_0914
easy_5000__data_science__data_science_task_3258,/wbl-fast/usrs/ee/teacher-answer-rl/terminal_synthetic_tasks/easy/easy_5000/data_science/data_science_task_3258
easy_5000__data_science__data_science_task_2373,/wbl-fast/usrs/ee/teacher-answer-rl/terminal_synthetic_tasks/easy/easy_5000/data_science/data_science_task_2373
easy_5000__data_science__data_science_task_1657,/wbl-fast/usrs/ee/teacher-answer-rl/terminal_synthetic_tasks/easy/easy_5000/data_science/data_science_task_1657
medium_5000__security__security_task_0911,/wbl-fast/usrs/ee/teacher-answer-rl/terminal_synthetic_tasks/medium/medium_5000/security/security_task_0911
medium_5000__data_querying__data_querying_task_0278,/wbl-fast/usrs/ee/teacher-answer-rl/terminal_synthetic_tasks/medium/medium_5000/data_querying/data_querying_task_0278
medium_5000__data_processing__data_processing_task_0879,/wbl-fast/usrs/ee/teacher-answer-rl/terminal_synthetic_tasks/medium/medium_5000/data_processing/data_processing_task_0879
medium_5000__security__security_task_1455,/wbl-fast/usrs/ee/teacher-answer-rl/terminal_synthetic_tasks/medium/medium_5000/security/security_task_1455
easy_5000__data_science__data_science_task_0284,/wbl-fast/usrs/ee/teacher-answer-rl/terminal_synthetic_tasks/easy/easy_5000/data_science/data_science_task_0284
easy_5000__data_science__data_science_task_3499,/wbl-fast/usrs/ee/teacher-answer-rl/terminal_synthetic_tasks/easy/easy_5000/data_science/data_science_task_3499
easy_5000__data_science__data_science_task_0275,/wbl-fast/usrs/ee/teacher-answer-rl/terminal_synthetic_tasks/easy/easy_5000/data_science/data_science_task_0275
medium_5000__data_processing__data_processing_task_1563,/wbl-fast/usrs/ee/teacher-answer-rl/terminal_synthetic_tasks/medium/medium_5000/data_processing/data_processing_task_1563
easy_5000__data_science__data_science_task_2205,/wbl-fast/usrs/ee/teacher-answer-rl/terminal_synthetic_tasks/easy/easy_5000/data_science/data_science_task_2205
easy_5000__data_science__data_science_task_4975,/wbl-fast/usrs/ee/teacher-answer-rl/terminal_synthetic_tasks/easy/easy_5000/data_science/data_science_task_4975
medium_5000__data_querying__data_querying_task_2688,/wbl-fast/usrs/ee/teacher-answer-rl/terminal_synthetic_tasks/medium/medium_5000/data_querying/data_querying_task_2688
medium_5000__security__security_task_0923,/wbl-fast/usrs/ee/teacher-answer-rl/terminal_synthetic_tasks/medium/medium_5000/security/security_task_0923
medium_5000__data_processing__data_processing_task_1745,/wbl-fast/usrs/ee/teacher-answer-rl/terminal_synthetic_tasks/medium/medium_5000/data_processing/data_processing_task_1745
easy_5000__data_science__data_science_task_3498,/wbl-fast/usrs/ee/teacher-answer-rl/terminal_synthetic_tasks/easy/easy_5000/data_science/data_science_task_3498
easy_5000__data_science__data_science_task_1926,/wbl-fast/usrs/ee/teacher-answer-rl/terminal_synthetic_tasks/easy/easy_5000/data_science/data_science_task_1926
medium_5000__security__security_task_0446,/wbl-fast/usrs/ee/teacher-answer-rl/terminal_synthetic_tasks/medium/medium_5000/security/security_task_0446
medium_5000__data_querying__data_querying_task_0052,/wbl-fast/usrs/ee/teacher-answer-rl/terminal_synthetic_tasks/medium/medium_5000/data_querying/data_querying_task_0052
medium_5000__security__security_task_3545,/wbl-fast/usrs/ee/teacher-answer-rl/terminal_synthetic_tasks/medium/medium_5000/security/security_task_3545
easy_5000__data_science__data_science_task_2202,/wbl-fast/usrs/ee/teacher-answer-rl/terminal_synthetic_tasks/easy/easy_5000/data_science/data_science_task_2202
easy_5000__data_science__data_science_task_3967,/wbl-fast/usrs/ee/teacher-answer-rl/terminal_synthetic_tasks/easy/easy_5000/data_science/data_science_task_3967
easy_5000__data_science__data_science_task_1973,/wbl-fast/usrs/ee/teacher-answer-rl/terminal_synthetic_tasks/easy/easy_5000/data_science/data_science_task_1973
medium_5000__data_querying__data_querying_task_4509,/wbl-fast/usrs/ee/teacher-answer-rl/terminal_synthetic_tasks/medium/medium_5000/data_querying/data_querying_task_4509
easy_5000__data_science__data_science_task_3628,/wbl-fast/usrs/ee/teacher-answer-rl/terminal_synthetic_tasks/easy/easy_5000/data_science/data_science_task_3628
easy_5000__data_science__data_science_task_2179,/wbl-fast/usrs/ee/teacher-answer-rl/terminal_synthetic_tasks/easy/easy_5000/data_science/data_science_task_2179
easy_5000__data_science__data_science_task_1017,/wbl-fast/usrs/ee/teacher-answer-rl/terminal_synthetic_tasks/easy/easy_5000/data_science/data_science_task_1017
easy_5000__data_science__data_science_task_4656,/wbl-fast/usrs/ee/teacher-answer-rl/terminal_synthetic_tasks/easy/easy_5000/data_science/data_science_task_4656
medium_5000__data_processing__data_processing_task_4485,/wbl-fast/usrs/ee/teacher-answer-rl/terminal_synthetic_tasks/medium/medium_5000/data_processing/data_processing_task_4485
medium_5000__data_processing__data_processing_task_0893,/wbl-fast/usrs/ee/teacher-answer-rl/terminal_synthetic_tasks/medium/medium_5000/data_processing/data_processing_task_0893
easy_5000__data_science__data_science_task_3393,/wbl-fast/usrs/ee/teacher-answer-rl/terminal_synthetic_tasks/easy/easy_5000/data_science/data_science_task_3393
medium_5000__data_querying__data_querying_task_1555,/wbl-fast/usrs/ee/teacher-answer-rl/terminal_synthetic_tasks/medium/medium_5000/data_querying/data_querying_task_1555
medium_5000__data_querying__data_querying_task_1257,/wbl-fast/usrs/ee/teacher-answer-rl/terminal_synthetic_tasks/medium/medium_5000/data_querying/data_querying_task_1257
easy_5000__data_science__data_science_task_1941,/wbl-fast/usrs/ee/teacher-answer-rl/terminal_synthetic_tasks/easy/easy_5000/data_science/data_science_task_1941
medium_5000__data_processing__data_processing_task_3896,/wbl-fast/usrs/ee/teacher-answer-rl/terminal_synthetic_tasks/medium/medium_5000/data_processing/data_processing_task_3896
medium_5000__data_processing__data_processing_task_1682,/wbl-fast/usrs/ee/teacher-answer-rl/terminal_synthetic_tasks/medium/medium_5000/data_processing/data_processing_task_1682
easy_5000__data_science__data_science_task_2571,/wbl-fast/usrs/ee/teacher-answer-rl/terminal_synthetic_tasks/easy/easy_5000/data_science/data_science_task_2571
easy_5000__data_science__data_science_task_3444,/wbl-fast/usrs/ee/teacher-answer-rl/terminal_synthetic_tasks/easy/easy_5000/data_science/data_science_task_3444
medium_5000__security__security_task_4179,/wbl-fast/usrs/ee/teacher-answer-rl/terminal_synthetic_tasks/medium/medium_5000/security/security_task_4179
easy_5000__data_science__data_science_task_0800,/wbl-fast/usrs/ee/teacher-answer-rl/terminal_synthetic_tasks/easy/easy_5000/data_science/data_science_task_0800
medium_5000__security__security_task_1748,/wbl-fast/usrs/ee/teacher-answer-rl/terminal_synthetic_tasks/medium/medium_5000/security/security_task_1748
easy_5000__data_science__data_science_task_4679,/wbl-fast/usrs/ee/teacher-answer-rl/terminal_synthetic_tasks/easy/easy_5000/data_science/data_science_task_4679
easy_5000__data_science__data_science_task_2767,/wbl-fast/usrs/ee/teacher-answer-rl/terminal_synthetic_tasks/easy/easy_5000/data_science/data_science_task_2767
easy_5000__data_science__data_science_task_4421,/wbl-fast/usrs/ee/teacher-answer-rl/terminal_synthetic_tasks/easy/easy_5000/data_science/data_science_task_4421
easy_5000__data_science__data_science_task_3603,/wbl-fast/usrs/ee/teacher-answer-rl/terminal_synthetic_tasks/easy/easy_5000/data_science/data_science_task_3603
easy_5000__data_science__data_science_task_2022,/wbl-fast/usrs/ee/teacher-answer-rl/terminal_synthetic_tasks/easy/easy_5000/data_science/data_science_task_2022
medium_5000__data_querying__data_querying_task_2172,/wbl-fast/usrs/ee/teacher-answer-rl/terminal_synthetic_tasks/medium/medium_5000/data_querying/data_querying_task_2172
medium_5000__data_querying__data_querying_task_4529,/wbl-fast/usrs/ee/teacher-answer-rl/terminal_synthetic_tasks/medium/medium_5000/data_querying/data_querying_task_4529
easy_5000__data_science__data_science_task_3332,/wbl-fast/usrs/ee/teacher-answer-rl/terminal_synthetic_tasks/easy/easy_5000/data_science/data_science_task_3332
medium_5000__data_processing__data_processing_task_0651,/wbl-fast/usrs/ee/teacher-answer-rl/terminal_synthetic_tasks/medium/medium_5000/data_processing/data_processing_task_0651
medium_5000__security__security_task_0215,/wbl-fast/usrs/ee/teacher-answer-rl/terminal_synthetic_tasks/medium/medium_5000/security/security_task_0215
medium_5000__data_querying__data_querying_task_2671,/wbl-fast/usrs/ee/teacher-answer-rl/terminal_synthetic_tasks/medium/medium_5000/data_querying/data_querying_task_2671
easy_5000__data_science__data_science_task_2242,/wbl-fast/usrs/ee/teacher-answer-rl/terminal_synthetic_tasks/easy/easy_5000/data_science/data_science_task_2242
medium_5000__data_querying__data_querying_task_2323,/wbl-fast/usrs/ee/teacher-answer-rl/terminal_synthetic_tasks/medium/medium_5000/data_querying/data_querying_task_2323
medium_5000__data_processing__data_processing_task_0719,/wbl-fast/usrs/ee/teacher-answer-rl/terminal_synthetic_tasks/medium/medium_5000/data_processing/data_processing_task_0719
medium_5000__data_querying__data_querying_task_2620,/wbl-fast/usrs/ee/teacher-answer-rl/terminal_synthetic_tasks/medium/medium_5000/data_querying/data_querying_task_2620
easy_5000__data_science__data_science_task_1913,/wbl-fast/usrs/ee/teacher-answer-rl/terminal_synthetic_tasks/easy/easy_5000/data_science/data_science_task_1913
easy_5000__data_science__data_science_task_3391,/wbl-fast/usrs/ee/teacher-answer-rl/terminal_synthetic_tasks/easy/easy_5000/data_science/data_science_task_3391
medium_5000__data_querying__data_querying_task_0258,/wbl-fast/usrs/ee/teacher-answer-rl/terminal_synthetic_tasks/medium/medium_5000/data_querying/data_querying_task_0258
easy_5000__data_science__data_science_task_0839,/wbl-fast/usrs/ee/teacher-answer-rl/terminal_synthetic_tasks/easy/easy_5000/data_science/data_science_task_0839
medium_5000__data_querying__data_querying_task_1267,/wbl-fast/usrs/ee/teacher-answer-rl/terminal_synthetic_tasks/medium/medium_5000/data_querying/data_querying_task_1267
easy_5000__data_science__data_science_task_4734,/wbl-fast/usrs/ee/teacher-answer-rl/terminal_synthetic_tasks/easy/easy_5000/data_science/data_science_task_4734
medium_5000__data_querying__data_querying_task_3343,/wbl-fast/usrs/ee/teacher-answer-rl/terminal_synthetic_tasks/medium/medium_5000/data_querying/data_querying_task_3343
medium_5000__data_processing__data_processing_task_3897,/wbl-fast/usrs/ee/teacher-answer-rl/terminal_synthetic_tasks/medium/medium_5000/data_processing/data_processing_task_3897
medium_5000__data_processing__data_processing_task_0194,/wbl-fast/usrs/ee/teacher-answer-rl/terminal_synthetic_tasks/medium/medium_5000/data_processing/data_processing_task_0194
easy_5000__data_science__data_science_task_4297,/wbl-fast/usrs/ee/teacher-answer-rl/terminal_synthetic_tasks/easy/easy_5000/data_science/data_science_task_4297
medium_5000__data_querying__data_querying_task_3777,/wbl-fast/usrs/ee/teacher-answer-rl/terminal_synthetic_tasks/medium/medium_5000/data_querying/data_querying_task_3777
easy_5000__data_science__data_science_task_1966,/wbl-fast/usrs/ee/teacher-answer-rl/terminal_synthetic_tasks/easy/easy_5000/data_science/data_science_task_1966
easy_5000__data_science__data_science_task_3283,/wbl-fast/usrs/ee/teacher-answer-rl/terminal_synthetic_tasks/easy/easy_5000/data_science/data_science_task_3283
easy_5000__data_science__data_science_task_4590,/wbl-fast/usrs/ee/teacher-answer-rl/terminal_synthetic_tasks/easy/easy_5000/data_science/data_science_task_4590
medium_5000__security__security_task_2028,/wbl-fast/usrs/ee/teacher-answer-rl/terminal_synthetic_tasks/medium/medium_5000/security/security_task_2028
easy_5000__data_science__data_science_task_3849,/wbl-fast/usrs/ee/teacher-answer-rl/terminal_synthetic_tasks/easy/easy_5000/data_science/data_science_task_3849
easy_5000__data_science__data_science_task_4779,/wbl-fast/usrs/ee/teacher-answer-rl/terminal_synthetic_tasks/easy/easy_5000/data_science/data_science_task_4779
easy_5000__data_science__data_science_task_3976,/wbl-fast/usrs/ee/teacher-answer-rl/terminal_synthetic_tasks/easy/easy_5000/data_science/data_science_task_3976
easy_5000__data_science__data_science_task_0019,/wbl-fast/usrs/ee/teacher-answer-rl/terminal_synthetic_tasks/easy/easy_5000/data_science/data_science_task_0019
medium_5000__data_querying__data_querying_task_1932,/wbl-fast/usrs/ee/teacher-answer-rl/terminal_synthetic_tasks/medium/medium_5000/data_querying/data_querying_task_1932
easy_5000__data_science__data_science_task_4745,/wbl-fast/usrs/ee/teacher-answer-rl/terminal_synthetic_tasks/easy/easy_5000/data_science/data_science_task_4745
easy_5000__data_science__data_science_task_1768,/wbl-fast/usrs/ee/teacher-answer-rl/terminal_synthetic_tasks/easy/easy_5000/data_science/data_science_task_1768
medium_5000__data_processing__data_processing_task_4883,/wbl-fast/usrs/ee/teacher-answer-rl/terminal_synthetic_tasks/medium/medium_5000/data_processing/data_processing_task_4883
easy_5000__data_science__data_science_task_1184,/wbl-fast/usrs/ee/teacher-answer-rl/terminal_synthetic_tasks/easy/easy_5000/data_science/data_science_task_1184
medium_5000__data_processing__data_processing_task_1623,/wbl-fast/usrs/ee/teacher-answer-rl/terminal_synthetic_tasks/medium/medium_5000/data_processing/data_processing_task_1623
easy_5000__data_science__data_science_task_3920,/wbl-fast/usrs/ee/teacher-answer-rl/terminal_synthetic_tasks/easy/easy_5000/data_science/data_science_task_3920
medium_5000__security__security_task_3016,/wbl-fast/usrs/ee/teacher-answer-rl/terminal_synthetic_tasks/medium/medium_5000/security/security_task_3016
medium_5000__security__security_task_1688,/wbl-fast/usrs/ee/teacher-answer-rl/terminal_synthetic_tasks/medium/medium_5000/security/security_task_1688
medium_5000__data_processing__data_processing_task_3444,/wbl-fast/usrs/ee/teacher-answer-rl/terminal_synthetic_tasks/medium/medium_5000/data_processing/data_processing_task_3444
medium_5000__security__security_task_1857,/wbl-fast/usrs/ee/teacher-answer-rl/terminal_synthetic_tasks/medium/medium_5000/security/security_task_1857
medium_5000__data_processing__data_processing_task_4303,/wbl-fast/usrs/ee/teacher-answer-rl/terminal_synthetic_tasks/medium/medium_5000/data_processing/data_processing_task_4303
medium_5000__security__security_task_1068,/wbl-fast/usrs/ee/teacher-answer-rl/terminal_synthetic_tasks/medium/medium_5000/security/security_task_1068
easy_5000__data_science__data_science_task_0861,/wbl-fast/usrs/ee/teacher-answer-rl/terminal_synthetic_tasks/easy/easy_5000/data_science/data_science_task_0861
medium_5000__data_processing__data_processing_task_4065,/wbl-fast/usrs/ee/teacher-answer-rl/terminal_synthetic_tasks/medium/medium_5000/data_processing/data_processing_task_4065
easy_5000__data_science__data_science_task_0209,/wbl-fast/usrs/ee/teacher-answer-rl/terminal_synthetic_tasks/easy/easy_5000/data_science/data_science_task_0209
medium_5000__security__security_task_4558,/wbl-fast/usrs/ee/teacher-answer-rl/terminal_synthetic_tasks/medium/medium_5000/security/security_task_4558
medium_5000__data_querying__data_querying_task_0150,/wbl-fast/usrs/ee/teacher-answer-rl/terminal_synthetic_tasks/medium/medium_5000/data_querying/data_querying_task_0150
medium_5000__data_processing__data_processing_task_0513,/wbl-fast/usrs/ee/teacher-answer-rl/terminal_synthetic_tasks/medium/medium_5000/data_processing/data_processing_task_0513
medium_5000__data_processing__data_processing_task_0515,/wbl-fast/usrs/ee/teacher-answer-rl/terminal_synthetic_tasks/medium/medium_5000/data_processing/data_processing_task_0515
easy_5000__data_science__data_science_task_1510,/wbl-fast/usrs/ee/teacher-answer-rl/terminal_synthetic_tasks/easy/easy_5000/data_science/data_science_task_1510
easy_5000__data_science__data_science_task_1305,/wbl-fast/usrs/ee/teacher-answer-rl/terminal_synthetic_tasks/easy/easy_5000/data_science/data_science_task_1305
medium_5000__data_processing__data_processing_task_0536,/wbl-fast/usrs/ee/teacher-answer-rl/terminal_synthetic_tasks/medium/medium_5000/data_processing/data_processing_task_0536
easy_5000__data_science__data_science_task_1258,/wbl-fast/usrs/ee/teacher-answer-rl/terminal_synthetic_tasks/easy/easy_5000/data_science/data_science_task_1258
easy_5000__data_science__data_science_task_0272,/wbl-fast/usrs/ee/teacher-answer-rl/terminal_synthetic_tasks/easy/easy_5000/data_science/data_science_task_0272
easy_5000__data_science__data_science_task_1380,/wbl-fast/usrs/ee/teacher-answer-rl/terminal_synthetic_tasks/easy/easy_5000/data_science/data_science_task_1380
easy_5000__data_science__data_science_task_0840,/wbl-fast/usrs/ee/teacher-answer-rl/terminal_synthetic_tasks/easy/easy_5000/data_science/data_science_task_0840
medium_5000__data_processing__data_processing_task_4139,/wbl-fast/usrs/ee/teacher-answer-rl/terminal_synthetic_tasks/medium/medium_5000/data_processing/data_processing_task_4139
easy_5000__data_science__data_science_task_1024,/wbl-fast/usrs/ee/teacher-answer-rl/terminal_synthetic_tasks/easy/easy_5000/data_science/data_science_task_1024
easy_5000__data_science__data_science_task_1684,/wbl-fast/usrs/ee/teacher-answer-rl/terminal_synthetic_tasks/easy/easy_5000/data_science/data_science_task_1684
easy_5000__data_science__data_science_task_4614,/wbl-fast/usrs/ee/teacher-answer-rl/terminal_synthetic_tasks/easy/easy_5000/data_science/data_science_task_4614
easy_5000__data_science__data_science_task_3452,/wbl-fast/usrs/ee/teacher-answer-rl/terminal_synthetic_tasks/easy/easy_5000/data_science/data_science_task_3452
medium_5000__data_querying__data_querying_task_3803,/wbl-fast/usrs/ee/teacher-answer-rl/terminal_synthetic_tasks/medium/medium_5000/data_querying/data_querying_task_3803
medium_5000__security__security_task_2639,/wbl-fast/usrs/ee/teacher-answer-rl/terminal_synthetic_tasks/medium/medium_5000/security/security_task_2639
easy_5000__data_science__data_science_task_0138,/wbl-fast/usrs/ee/teacher-answer-rl/terminal_synthetic_tasks/easy/easy_5000/data_science/data_science_task_0138
medium_5000__data_processing__data_processing_task_2596,/wbl-fast/usrs/ee/teacher-answer-rl/terminal_synthetic_tasks/medium/medium_5000/data_processing/data_processing_task_2596
medium_5000__data_processing__data_processing_task_4600,/wbl-fast/usrs/ee/teacher-answer-rl/terminal_synthetic_tasks/medium/medium_5000/data_processing/data_processing_task_4600
medium_5000__data_querying__data_querying_task_3963,/wbl-fast/usrs/ee/teacher-answer-rl/terminal_synthetic_tasks/medium/medium_5000/data_querying/data_querying_task_3963
easy_5000__data_science__data_science_task_1579,/wbl-fast/usrs/ee/teacher-answer-rl/terminal_synthetic_tasks/easy/easy_5000/data_science/data_science_task_1579
medium_5000__data_processing__data_processing_task_2773,/wbl-fast/usrs/ee/teacher-answer-rl/terminal_synthetic_tasks/medium/medium_5000/data_processing/data_processing_task_2773
easy_5000__data_science__data_science_task_4697,/wbl-fast/usrs/ee/teacher-answer-rl/terminal_synthetic_tasks/easy/easy_5000/data_science/data_science_task_4697
medium_5000__security__security_task_0410,/wbl-fast/usrs/ee/teacher-answer-rl/terminal_synthetic_tasks/medium/medium_5000/security/security_task_0410
medium_5000__data_processing__data_processing_task_1357,/wbl-fast/usrs/ee/teacher-answer-rl/terminal_synthetic_tasks/medium/medium_5000/data_processing/data_processing_task_1357
medium_5000__data_processing__data_processing_task_3080,/wbl-fast/usrs/ee/teacher-answer-rl/terminal_synthetic_tasks/medium/medium_5000/data_processing/data_processing_task_3080
easy_5000__data_science__data_science_task_1554,/wbl-fast/usrs/ee/teacher-answer-rl/terminal_synthetic_tasks/easy/easy_5000/data_science/data_science_task_1554
easy_5000__data_science__data_science_task_1455,/wbl-fast/usrs/ee/teacher-answer-rl/terminal_synthetic_tasks/easy/easy_5000/data_science/data_science_task_1455
easy_5000__data_science__data_science_task_0608,/wbl-fast/usrs/ee/teacher-answer-rl/terminal_synthetic_tasks/easy/easy_5000/data_science/data_science_task_0608
easy_5000__data_science__data_science_task_2105,/wbl-fast/usrs/ee/teacher-answer-rl/terminal_synthetic_tasks/easy/easy_5000/data_science/data_science_task_2105
easy_5000__data_science__data_science_task_0276,/wbl-fast/usrs/ee/teacher-answer-rl/terminal_synthetic_tasks/easy/easy_5000/data_science/data_science_task_0276
medium_5000__data_processing__data_processing_task_1832,/wbl-fast/usrs/ee/teacher-answer-rl/terminal_synthetic_tasks/medium/medium_5000/data_processing/data_processing_task_1832
easy_5000__data_science__data_science_task_2500,/wbl-fast/usrs/ee/teacher-answer-rl/terminal_synthetic_tasks/easy/easy_5000/data_science/data_science_task_2500
medium_5000__data_processing__data_processing_task_2977,/wbl-fast/usrs/ee/teacher-answer-rl/terminal_synthetic_tasks/medium/medium_5000/data_processing/data_processing_task_2977
medium_5000__security__security_task_2524,/wbl-fast/usrs/ee/teacher-answer-rl/terminal_synthetic_tasks/medium/medium_5000/security/security_task_2524
easy_5000__data_science__data_science_task_2385,/wbl-fast/usrs/ee/teacher-answer-rl/terminal_synthetic_tasks/easy/easy_5000/data_science/data_science_task_2385
medium_5000__data_querying__data_querying_task_2788,/wbl-fast/usrs/ee/teacher-answer-rl/terminal_synthetic_tasks/medium/medium_5000/data_querying/data_querying_task_2788
easy_5000__data_science__data_science_task_2573,/wbl-fast/usrs/ee/teacher-answer-rl/terminal_synthetic_tasks/easy/easy_5000/data_science/data_science_task_2573
easy_5000__data_science__data_science_task_2090,/wbl-fast/usrs/ee/teacher-answer-rl/terminal_synthetic_tasks/easy/easy_5000/data_science/data_science_task_2090
medium_5000__data_processing__data_processing_task_1917,/wbl-fast/usrs/ee/teacher-answer-rl/terminal_synthetic_tasks/medium/medium_5000/data_processing/data_processing_task_1917
easy_5000__data_science__data_science_task_1923,/wbl-fast/usrs/ee/teacher-answer-rl/terminal_synthetic_tasks/easy/easy_5000/data_science/data_science_task_1923
easy_5000__data_science__data_science_task_4166,/wbl-fast/usrs/ee/teacher-answer-rl/terminal_synthetic_tasks/easy/easy_5000/data_science/data_science_task_4166
medium_5000__data_querying__data_querying_task_2012,/wbl-fast/usrs/ee/teacher-answer-rl/terminal_synthetic_tasks/medium/medium_5000/data_querying/data_querying_task_2012
easy_5000__data_science__data_science_task_3482,/wbl-fast/usrs/ee/teacher-answer-rl/terminal_synthetic_tasks/easy/easy_5000/data_science/data_science_task_3482
easy_5000__data_science__data_science_task_2905,/wbl-fast/usrs/ee/teacher-answer-rl/terminal_synthetic_tasks/easy/easy_5000/data_science/data_science_task_2905
easy_5000__data_science__data_science_task_3225,/wbl-fast/usrs/ee/teacher-answer-rl/terminal_synthetic_tasks/easy/easy_5000/data_science/data_science_task_3225
easy_5000__data_science__data_science_task_4961,/wbl-fast/usrs/ee/teacher-answer-rl/terminal_synthetic_tasks/easy/easy_5000/data_science/data_science_task_4961
easy_5000__data_science__data_science_task_4536,/wbl-fast/usrs/ee/teacher-answer-rl/terminal_synthetic_tasks/easy/easy_5000/data_science/data_science_task_4536
medium_5000__data_processing__data_processing_task_0662,/wbl-fast/usrs/ee/teacher-answer-rl/terminal_synthetic_tasks/medium/medium_5000/data_processing/data_processing_task_0662
easy_5000__data_science__data_science_task_4296,/wbl-fast/usrs/ee/teacher-answer-rl/terminal_synthetic_tasks/easy/easy_5000/data_science/data_science_task_4296
medium_5000__data_processing__data_processing_task_3660,/wbl-fast/usrs/ee/teacher-answer-rl/terminal_synthetic_tasks/medium/medium_5000/data_processing/data_processing_task_3660
medium_5000__data_processing__data_processing_task_2396,/wbl-fast/usrs/ee/teacher-answer-rl/terminal_synthetic_tasks/medium/medium_5000/data_processing/data_processing_task_2396
easy_5000__data_science__data_science_task_4965,/wbl-fast/usrs/ee/teacher-answer-rl/terminal_synthetic_tasks/easy/easy_5000/data_science/data_science_task_4965
medium_5000__security__security_task_2660,/wbl-fast/usrs/ee/teacher-answer-rl/terminal_synthetic_tasks/medium/medium_5000/security/security_task_2660
medium_5000__data_processing__data_processing_task_1520,/wbl-fast/usrs/ee/teacher-answer-rl/terminal_synthetic_tasks/medium/medium_5000/data_processing/data_processing_task_1520
medium_5000__security__security_task_0476,/wbl-fast/usrs/ee/teacher-answer-rl/terminal_synthetic_tasks/medium/medium_5000/security/security_task_0476
medium_5000__data_processing__data_processing_task_0240,/wbl-fast/usrs/ee/teacher-answer-rl/terminal_synthetic_tasks/medium/medium_5000/data_processing/data_processing_task_0240
medium_5000__data_querying__data_querying_task_3525,/wbl-fast/usrs/ee/teacher-answer-rl/terminal_synthetic_tasks/medium/medium_5000/data_querying/data_querying_task_3525
medium_5000__data_processing__data_processing_task_1200,/wbl-fast/usrs/ee/teacher-answer-rl/terminal_synthetic_tasks/medium/medium_5000/data_processing/data_processing_task_1200
medium_5000__data_processing__data_processing_task_2558,/wbl-fast/usrs/ee/teacher-answer-rl/terminal_synthetic_tasks/medium/medium_5000/data_processing/data_processing_task_2558
easy_5000__data_science__data_science_task_1704,/wbl-fast/usrs/ee/teacher-answer-rl/terminal_synthetic_tasks/easy/easy_5000/data_science/data_science_task_1704
medium_5000__security__security_task_1512,/wbl-fast/usrs/ee/teacher-answer-rl/terminal_synthetic_tasks/medium/medium_5000/security/security_task_1512
easy_5000__data_science__data_science_task_1402,/wbl-fast/usrs/ee/teacher-answer-rl/terminal_synthetic_tasks/easy/easy_5000/data_science/data_science_task_1402
medium_5000__data_processing__data_processing_task_0179,/wbl-fast/usrs/ee/teacher-answer-rl/terminal_synthetic_tasks/medium/medium_5000/data_processing/data_processing_task_0179
medium_5000__data_querying__data_querying_task_0839,/wbl-fast/usrs/ee/teacher-answer-rl/terminal_synthetic_tasks/medium/medium_5000/data_querying/data_querying_task_0839
easy_5000__data_science__data_science_task_0036,/wbl-fast/usrs/ee/teacher-answer-rl/terminal_synthetic_tasks/easy/easy_5000/data_science/data_science_task_0036
medium_5000__data_querying__data_querying_task_2091,/wbl-fast/usrs/ee/teacher-answer-rl/terminal_synthetic_tasks/medium/medium_5000/data_querying/data_querying_task_2091
easy_5000__data_science__data_science_task_1187,/wbl-fast/usrs/ee/teacher-answer-rl/terminal_synthetic_tasks/easy/easy_5000/data_science/data_science_task_1187
easy_5000__data_science__data_science_task_4689,/wbl-fast/usrs/ee/teacher-answer-rl/terminal_synthetic_tasks/easy/easy_5000/data_science/data_science_task_4689
medium_5000__data_querying__data_querying_task_3241,/wbl-fast/usrs/ee/teacher-answer-rl/terminal_synthetic_tasks/medium/medium_5000/data_querying/data_querying_task_3241
easy_5000__data_science__data_science_task_0565,/wbl-fast/usrs/ee/teacher-answer-rl/terminal_synthetic_tasks/easy/easy_5000/data_science/data_science_task_0565
easy_5000__data_science__data_science_task_1890,/wbl-fast/usrs/ee/teacher-answer-rl/terminal_synthetic_tasks/easy/easy_5000/data_science/data_science_task_1890
easy_5000__data_science__data_science_task_1054,/wbl-fast/usrs/ee/teacher-answer-rl/terminal_synthetic_tasks/easy/easy_5000/data_science/data_science_task_1054
easy_5000__data_science__data_science_task_4355,/wbl-fast/usrs/ee/teacher-answer-rl/terminal_synthetic_tasks/easy/easy_5000/data_science/data_science_task_4355
medium_5000__security__security_task_4665,/wbl-fast/usrs/ee/teacher-answer-rl/terminal_synthetic_tasks/medium/medium_5000/security/security_task_4665
easy_5000__data_science__data_science_task_4777,/wbl-fast/usrs/ee/teacher-answer-rl/terminal_synthetic_tasks/easy/easy_5000/data_science/data_science_task_4777
medium_5000__security__security_task_4827,/wbl-fast/usrs/ee/teacher-answer-rl/terminal_synthetic_tasks/medium/medium_5000/security/security_task_4827
easy_5000__data_science__data_science_task_1494,/wbl-fast/usrs/ee/teacher-answer-rl/terminal_synthetic_tasks/easy/easy_5000/data_science/data_science_task_1494
easy_5000__data_science__data_science_task_0615,/wbl-fast/usrs/ee/teacher-answer-rl/terminal_synthetic_tasks/easy/easy_5000/data_science/data_science_task_0615
medium_5000__data_querying__data_querying_task_4063,/wbl-fast/usrs/ee/teacher-answer-rl/terminal_synthetic_tasks/medium/medium_5000/data_querying/data_querying_task_4063
medium_5000__data_processing__data_processing_task_3805,/wbl-fast/usrs/ee/teacher-answer-rl/terminal_synthetic_tasks/medium/medium_5000/data_processing/data_processing_task_3805
medium_5000__data_processing__data_processing_task_1858,/wbl-fast/usrs/ee/teacher-answer-rl/terminal_synthetic_tasks/medium/medium_5000/data_processing/data_processing_task_1858
easy_5000__data_science__data_science_task_0182,/wbl-fast/usrs/ee/teacher-answer-rl/terminal_synthetic_tasks/easy/easy_5000/data_science/data_science_task_0182
medium_5000__data_querying__data_querying_task_2867,/wbl-fast/usrs/ee/teacher-answer-rl/terminal_synthetic_tasks/medium/medium_5000/data_querying/data_querying_task_2867
medium_5000__data_processing__data_processing_task_3420,/wbl-fast/usrs/ee/teacher-answer-rl/terminal_synthetic_tasks/medium/medium_5000/data_processing/data_processing_task_3420
medium_5000__security__security_task_4759,/wbl-fast/usrs/ee/teacher-answer-rl/terminal_synthetic_tasks/medium/medium_5000/security/security_task_4759
medium_5000__security__security_task_4311,/wbl-fast/usrs/ee/teacher-answer-rl/terminal_synthetic_tasks/medium/medium_5000/security/security_task_4311
medium_5000__data_processing__data_processing_task_1830,/wbl-fast/usrs/ee/teacher-answer-rl/terminal_synthetic_tasks/medium/medium_5000/data_processing/data_processing_task_1830
easy_5000__data_science__data_science_task_1811,/wbl-fast/usrs/ee/teacher-answer-rl/terminal_synthetic_tasks/easy/easy_5000/data_science/data_science_task_1811
medium_5000__data_querying__data_querying_task_2522,/wbl-fast/usrs/ee/teacher-answer-rl/terminal_synthetic_tasks/medium/medium_5000/data_querying/data_querying_task_2522
easy_5000__data_science__data_science_task_1303,/wbl-fast/usrs/ee/teacher-answer-rl/terminal_synthetic_tasks/easy/easy_5000/data_science/data_science_task_1303
easy_5000__data_science__data_science_task_1516,/wbl-fast/usrs/ee/teacher-answer-rl/terminal_synthetic_tasks/easy/easy_5000/data_science/data_science_task_1516
easy_5000__data_science__data_science_task_4383,/wbl-fast/usrs/ee/teacher-answer-rl/terminal_synthetic_tasks/easy/easy_5000/data_science/data_science_task_4383
easy_5000__data_science__data_science_task_0970,/wbl-fast/usrs/ee/teacher-answer-rl/terminal_synthetic_tasks/easy/easy_5000/data_science/data_science_task_0970
medium_5000__security__security_task_2620,/wbl-fast/usrs/ee/teacher-answer-rl/terminal_synthetic_tasks/medium/medium_5000/security/security_task_2620
medium_5000__data_querying__data_querying_task_1921,/wbl-fast/usrs/ee/teacher-answer-rl/terminal_synthetic_tasks/medium/medium_5000/data_querying/data_querying_task_1921
easy_5000__data_science__data_science_task_1198,/wbl-fast/usrs/ee/teacher-answer-rl/terminal_synthetic_tasks/easy/easy_5000/data_science/data_science_task_1198
easy_5000__data_science__data_science_task_4478,/wbl-fast/usrs/ee/teacher-answer-rl/terminal_synthetic_tasks/easy/easy_5000/data_science/data_science_task_4478
easy_5000__data_science__data_science_task_4127,/wbl-fast/usrs/ee/teacher-answer-rl/terminal_synthetic_tasks/easy/easy_5000/data_science/data_science_task_4127
medium_5000__data_processing__data_processing_task_2174,/wbl-fast/usrs/ee/teacher-answer-rl/terminal_synthetic_tasks/medium/medium_5000/data_processing/data_processing_task_2174
medium_5000__security__security_task_4783,/wbl-fast/usrs/ee/teacher-answer-rl/terminal_synthetic_tasks/medium/medium_5000/security/security_task_4783
medium_5000__data_processing__data_processing_task_2721,/wbl-fast/usrs/ee/teacher-answer-rl/terminal_synthetic_tasks/medium/medium_5000/data_processing/data_processing_task_2721
easy_5000__data_science__data_science_task_0633,/wbl-fast/usrs/ee/teacher-answer-rl/terminal_synthetic_tasks/easy/easy_5000/data_science/data_science_task_0633
easy_5000__data_science__data_science_task_1967,/wbl-fast/usrs/ee/teacher-answer-rl/terminal_synthetic_tasks/easy/easy_5000/data_science/data_science_task_1967
medium_5000__data_querying__data_querying_task_0314,/wbl-fast/usrs/ee/teacher-answer-rl/terminal_synthetic_tasks/medium/medium_5000/data_querying/data_querying_task_0314
medium_5000__data_processing__data_processing_task_4315,/wbl-fast/usrs/ee/teacher-answer-rl/terminal_synthetic_tasks/medium/medium_5000/data_processing/data_processing_task_4315
easy_5000__data_science__data_science_task_4424,/wbl-fast/usrs/ee/teacher-answer-rl/terminal_synthetic_tasks/easy/easy_5000/data_science/data_science_task_4424
medium_5000__data_processing__data_processing_task_0024,/wbl-fast/usrs/ee/teacher-answer-rl/terminal_synthetic_tasks/medium/medium_5000/data_processing/data_processing_task_0024
medium_5000__security__security_task_3831,/wbl-fast/usrs/ee/teacher-answer-rl/terminal_synthetic_tasks/medium/medium_5000/security/security_task_3831
easy_5000__data_science__data_science_task_0417,/wbl-fast/usrs/ee/teacher-answer-rl/terminal_synthetic_tasks/easy/easy_5000/data_science/data_science_task_0417
medium_5000__data_querying__data_querying_task_3778,/wbl-fast/usrs/ee/teacher-answer-rl/terminal_synthetic_tasks/medium/medium_5000/data_querying/data_querying_task_3778
medium_5000__data_querying__data_querying_task_1618,/wbl-fast/usrs/ee/teacher-answer-rl/terminal_synthetic_tasks/medium/medium_5000/data_querying/data_querying_task_1618
easy_5000__data_science__data_science_task_2003,/wbl-fast/usrs/ee/teacher-answer-rl/terminal_synthetic_tasks/easy/easy_5000/data_science/data_science_task_2003
easy_5000__data_science__data_science_task_2743,/wbl-fast/usrs/ee/teacher-answer-rl/terminal_synthetic_tasks/easy/easy_5000/data_science/data_science_task_2743
easy_5000__data_science__data_science_task_2746,/wbl-fast/usrs/ee/teacher-answer-rl/terminal_synthetic_tasks/easy/easy_5000/data_science/data_science_task_2746
easy_5000__data_science__data_science_task_1361,/wbl-fast/usrs/ee/teacher-answer-rl/terminal_synthetic_tasks/easy/easy_5000/data_science/data_science_task_1361
medium_5000__data_processing__data_processing_task_2108,/wbl-fast/usrs/ee/teacher-answer-rl/terminal_synthetic_tasks/medium/medium_5000/data_processing/data_processing_task_2108
easy_5000__data_science__data_science_task_2575,/wbl-fast/usrs/ee/teacher-answer-rl/terminal_synthetic_tasks/easy/easy_5000/data_science/data_science_task_2575
easy_5000__data_science__data_science_task_4479,/wbl-fast/usrs/ee/teacher-answer-rl/terminal_synthetic_tasks/easy/easy_5000/data_science/data_science_task_4479
medium_5000__security__security_task_3506,/wbl-fast/usrs/ee/teacher-answer-rl/terminal_synthetic_tasks/medium/medium_5000/security/security_task_3506
medium_5000__data_processing__data_processing_task_2065,/wbl-fast/usrs/ee/teacher-answer-rl/terminal_synthetic_tasks/medium/medium_5000/data_processing/data_processing_task_2065
medium_5000__data_querying__data_querying_task_0742,/wbl-fast/usrs/ee/teacher-answer-rl/terminal_synthetic_tasks/medium/medium_5000/data_querying/data_querying_task_0742
medium_5000__data_querying__data_querying_task_4492,/wbl-fast/usrs/ee/teacher-answer-rl/terminal_synthetic_tasks/medium/medium_5000/data_querying/data_querying_task_4492
easy_5000__data_science__data_science_task_3222,/wbl-fast/usrs/ee/teacher-answer-rl/terminal_synthetic_tasks/easy/easy_5000/data_science/data_science_task_3222
medium_5000__security__security_task_4296,/wbl-fast/usrs/ee/teacher-answer-rl/terminal_synthetic_tasks/medium/medium_5000/security/security_task_4296
easy_5000__data_science__data_science_task_4829,/wbl-fast/usrs/ee/teacher-answer-rl/terminal_synthetic_tasks/easy/easy_5000/data_science/data_science_task_4829
medium_5000__data_querying__data_querying_task_0648,/wbl-fast/usrs/ee/teacher-answer-rl/terminal_synthetic_tasks/medium/medium_5000/data_querying/data_querying_task_0648
easy_5000__data_science__data_science_task_3622,/wbl-fast/usrs/ee/teacher-answer-rl/terminal_synthetic_tasks/easy/easy_5000/data_science/data_science_task_3622
easy_5000__data_science__data_science_task_2511,/wbl-fast/usrs/ee/teacher-answer-rl/terminal_synthetic_tasks/easy/easy_5000/data_science/data_science_task_2511
easy_5000__data_science__data_science_task_4635,/wbl-fast/usrs/ee/teacher-answer-rl/terminal_synthetic_tasks/easy/easy_5000/data_science/data_science_task_4635
medium_5000__data_processing__data_processing_task_1891,/wbl-fast/usrs/ee/teacher-answer-rl/terminal_synthetic_tasks/medium/medium_5000/data_processing/data_processing_task_1891
easy_5000__data_science__data_science_task_2104,/wbl-fast/usrs/ee/teacher-answer-rl/terminal_synthetic_tasks/easy/easy_5000/data_science/data_science_task_2104
easy_5000__data_science__data_science_task_3945,/wbl-fast/usrs/ee/teacher-answer-rl/terminal_synthetic_tasks/easy/easy_5000/data_science/data_science_task_3945
easy_5000__data_science__data_science_task_1362,/wbl-fast/usrs/ee/teacher-answer-rl/terminal_synthetic_tasks/easy/easy_5000/data_science/data_science_task_1362
medium_5000__data_processing__data_processing_task_0010,/wbl-fast/usrs/ee/teacher-answer-rl/terminal_synthetic_tasks/medium/medium_5000/data_processing/data_processing_task_0010
medium_5000__security__security_task_2244,/wbl-fast/usrs/ee/teacher-answer-rl/terminal_synthetic_tasks/medium/medium_5000/security/security_task_2244
medium_5000__data_querying__data_querying_task_0304,/wbl-fast/usrs/ee/teacher-answer-rl/terminal_synthetic_tasks/medium/medium_5000/data_querying/data_querying_task_0304
easy_5000__data_science__data_science_task_1541,/wbl-fast/usrs/ee/teacher-answer-rl/terminal_synthetic_tasks/easy/easy_5000/data_science/data_science_task_1541
medium_5000__security__security_task_0097,/wbl-fast/usrs/ee/teacher-answer-rl/terminal_synthetic_tasks/medium/medium_5000/security/security_task_0097
medium_5000__data_querying__data_querying_task_1927,/wbl-fast/usrs/ee/teacher-answer-rl/terminal_synthetic_tasks/medium/medium_5000/data_querying/data_querying_task_1927
easy_5000__data_science__data_science_task_3124,/wbl-fast/usrs/ee/teacher-answer-rl/terminal_synthetic_tasks/easy/easy_5000/data_science/data_science_task_3124
medium_5000__security__security_task_1931,/wbl-fast/usrs/ee/teacher-answer-rl/terminal_synthetic_tasks/medium/medium_5000/security/security_task_1931
medium_5000__data_querying__data_querying_task_4646,/wbl-fast/usrs/ee/teacher-answer-rl/terminal_synthetic_tasks/medium/medium_5000/data_querying/data_querying_task_4646
medium_5000__security__security_task_0015,/wbl-fast/usrs/ee/teacher-answer-rl/terminal_synthetic_tasks/medium/medium_5000/security/security_task_0015
easy_5000__data_science__data_science_task_4372,/wbl-fast/usrs/ee/teacher-answer-rl/terminal_synthetic_tasks/easy/easy_5000/data_science/data_science_task_4372
easy_5000__data_science__data_science_task_2170,/wbl-fast/usrs/ee/teacher-answer-rl/terminal_synthetic_tasks/easy/easy_5000/data_science/data_science_task_2170
easy_5000__data_science__data_science_task_2999,/wbl-fast/usrs/ee/teacher-answer-rl/terminal_synthetic_tasks/easy/easy_5000/data_science/data_science_task_2999
easy_5000__data_science__data_science_task_1421,/wbl-fast/usrs/ee/teacher-answer-rl/terminal_synthetic_tasks/easy/easy_5000/data_science/data_science_task_1421
medium_5000__data_processing__data_processing_task_2652,/wbl-fast/usrs/ee/teacher-answer-rl/terminal_synthetic_tasks/medium/medium_5000/data_processing/data_processing_task_2652
easy_5000__data_science__data_science_task_0720,/wbl-fast/usrs/ee/teacher-answer-rl/terminal_synthetic_tasks/easy/easy_5000/data_science/data_science_task_0720
medium_5000__data_processing__data_processing_task_3446,/wbl-fast/usrs/ee/teacher-answer-rl/terminal_synthetic_tasks/medium/medium_5000/data_processing/data_processing_task_3446
medium_5000__security__security_task_0412,/wbl-fast/usrs/ee/teacher-answer-rl/terminal_synthetic_tasks/medium/medium_5000/security/security_task_0412
easy_5000__data_science__data_science_task_1205,/wbl-fast/usrs/ee/teacher-answer-rl/terminal_synthetic_tasks/easy/easy_5000/data_science/data_science_task_1205
medium_5000__data_querying__data_querying_task_2929,/wbl-fast/usrs/ee/teacher-answer-rl/terminal_synthetic_tasks/medium/medium_5000/data_querying/data_querying_task_2929
medium_5000__data_querying__data_querying_task_0307,/wbl-fast/usrs/ee/teacher-answer-rl/terminal_synthetic_tasks/medium/medium_5000/data_querying/data_querying_task_0307
easy_5000__data_science__data_science_task_4243,/wbl-fast/usrs/ee/teacher-answer-rl/terminal_synthetic_tasks/easy/easy_5000/data_science/data_science_task_4243
medium_5000__security__security_task_4430,/wbl-fast/usrs/ee/teacher-answer-rl/terminal_synthetic_tasks/medium/medium_5000/security/security_task_4430
medium_5000__security__security_task_3034,/wbl-fast/usrs/ee/teacher-answer-rl/terminal_synthetic_tasks/medium/medium_5000/security/security_task_3034
medium_5000__data_processing__data_processing_task_0404,/wbl-fast/usrs/ee/teacher-answer-rl/terminal_synthetic_tasks/medium/medium_5000/data_processing/data_processing_task_0404
easy_5000__data_science__data_science_task_4541,/wbl-fast/usrs/ee/teacher-answer-rl/terminal_synthetic_tasks/easy/easy_5000/data_science/data_science_task_4541
easy_5000__data_science__data_science_task_2210,/wbl-fast/usrs/ee/teacher-answer-rl/terminal_synthetic_tasks/easy/easy_5000/data_science/data_science_task_2210
easy_5000__data_science__data_science_task_3508,/wbl-fast/usrs/ee/teacher-answer-rl/terminal_synthetic_tasks/easy/easy_5000/data_science/data_science_task_3508
easy_5000__data_science__data_science_task_3147,/wbl-fast/usrs/ee/teacher-answer-rl/terminal_synthetic_tasks/easy/easy_5000/data_science/data_science_task_3147
easy_5000__data_science__data_science_task_4358,/wbl-fast/usrs/ee/teacher-answer-rl/terminal_synthetic_tasks/easy/easy_5000/data_science/data_science_task_4358
easy_5000__data_science__data_science_task_0914,/wbl-fast/usrs/ee/teacher-answer-rl/terminal_synthetic_tasks/easy/easy_5000/data_science/data_science_task_0914
easy_5000__data_science__data_science_task_3345,/wbl-fast/usrs/ee/teacher-answer-rl/terminal_synthetic_tasks/easy/easy_5000/data_science/data_science_task_3345
medium_5000__security__security_task_1417,/wbl-fast/usrs/ee/teacher-answer-rl/terminal_synthetic_tasks/medium/medium_5000/security/security_task_1417
medium_5000__security__security_task_1470,/wbl-fast/usrs/ee/teacher-answer-rl/terminal_synthetic_tasks/medium/medium_5000/security/security_task_1470
easy_5000__data_science__data_science_task_1618,/wbl-fast/usrs/ee/teacher-answer-rl/terminal_synthetic_tasks/easy/easy_5000/data_science/data_science_task_1618
medium_5000__data_querying__data_querying_task_1619,/wbl-fast/usrs/ee/teacher-answer-rl/terminal_synthetic_tasks/medium/medium_5000/data_querying/data_querying_task_1619
easy_5000__data_science__data_science_task_1931,/wbl-fast/usrs/ee/teacher-answer-rl/terminal_synthetic_tasks/easy/easy_5000/data_science/data_science_task_1931
medium_5000__security__security_task_2556,/wbl-fast/usrs/ee/teacher-answer-rl/terminal_synthetic_tasks/medium/medium_5000/security/security_task_2556
medium_5000__data_querying__data_querying_task_1283,/wbl-fast/usrs/ee/teacher-answer-rl/terminal_synthetic_tasks/medium/medium_5000/data_querying/data_querying_task_1283
easy_5000__data_science__data_science_task_3335,/wbl-fast/usrs/ee/teacher-answer-rl/terminal_synthetic_tasks/easy/easy_5000/data_science/data_science_task_3335
medium_5000__security__security_task_0290,/wbl-fast/usrs/ee/teacher-answer-rl/terminal_synthetic_tasks/medium/medium_5000/security/security_task_0290
easy_5000__data_science__data_science_task_0190,/wbl-fast/usrs/ee/teacher-answer-rl/terminal_synthetic_tasks/easy/easy_5000/data_science/data_science_task_0190
easy_5000__data_science__data_science_task_3619,/wbl-fast/usrs/ee/teacher-answer-rl/terminal_synthetic_tasks/easy/easy_5000/data_science/data_science_task_3619
medium_5000__data_querying__data_querying_task_1910,/wbl-fast/usrs/ee/teacher-answer-rl/terminal_synthetic_tasks/medium/medium_5000/data_querying/data_querying_task_1910
medium_5000__security__security_task_4390,/wbl-fast/usrs/ee/teacher-answer-rl/terminal_synthetic_tasks/medium/medium_5000/security/security_task_4390
medium_5000__security__security_task_1942,/wbl-fast/usrs/ee/teacher-answer-rl/terminal_synthetic_tasks/medium/medium_5000/security/security_task_1942
medium_5000__data_querying__data_querying_task_4377,/wbl-fast/usrs/ee/teacher-answer-rl/terminal_synthetic_tasks/medium/medium_5000/data_querying/data_querying_task_4377
easy_5000__data_science__data_science_task_0177,/wbl-fast/usrs/ee/teacher-answer-rl/terminal_synthetic_tasks/easy/easy_5000/data_science/data_science_task_0177
easy_5000__data_science__data_science_task_4277,/wbl-fast/usrs/ee/teacher-answer-rl/terminal_synthetic_tasks/easy/easy_5000/data_science/data_science_task_4277
medium_5000__data_querying__data_querying_task_0094,/wbl-fast/usrs/ee/teacher-answer-rl/terminal_synthetic_tasks/medium/medium_5000/data_querying/data_querying_task_0094
medium_5000__data_querying__data_querying_task_4464,/wbl-fast/usrs/ee/teacher-answer-rl/terminal_synthetic_tasks/medium/medium_5000/data_querying/data_querying_task_4464
easy_5000__data_science__data_science_task_3998,/wbl-fast/usrs/ee/teacher-answer-rl/terminal_synthetic_tasks/easy/easy_5000/data_science/data_science_task_3998
easy_5000__data_science__data_science_task_4172,/wbl-fast/usrs/ee/teacher-answer-rl/terminal_synthetic_tasks/easy/easy_5000/data_science/data_science_task_4172
medium_5000__security__security_task_1196,/wbl-fast/usrs/ee/teacher-answer-rl/terminal_synthetic_tasks/medium/medium_5000/security/security_task_1196
easy_5000__data_science__data_science_task_3802,/wbl-fast/usrs/ee/teacher-answer-rl/terminal_synthetic_tasks/easy/easy_5000/data_science/data_science_task_3802
easy_5000__data_science__data_science_task_1043,/wbl-fast/usrs/ee/teacher-answer-rl/terminal_synthetic_tasks/easy/easy_5000/data_science/data_science_task_1043
easy_5000__data_science__data_science_task_2262,/wbl-fast/usrs/ee/teacher-answer-rl/terminal_synthetic_tasks/easy/easy_5000/data_science/data_science_task_2262
easy_5000__data_science__data_science_task_2566,/wbl-fast/usrs/ee/teacher-answer-rl/terminal_synthetic_tasks/easy/easy_5000/data_science/data_science_task_2566
medium_5000__data_processing__data_processing_task_2748,/wbl-fast/usrs/ee/teacher-answer-rl/terminal_synthetic_tasks/medium/medium_5000/data_processing/data_processing_task_2748
easy_5000__data_science__data_science_task_2633,/wbl-fast/usrs/ee/teacher-answer-rl/terminal_synthetic_tasks/easy/easy_5000/data_science/data_science_task_2633
easy_5000__data_science__data_science_task_2681,/wbl-fast/usrs/ee/teacher-answer-rl/terminal_synthetic_tasks/easy/easy_5000/data_science/data_science_task_2681
medium_5000__security__security_task_4539,/wbl-fast/usrs/ee/teacher-answer-rl/terminal_synthetic_tasks/medium/medium_5000/security/security_task_4539
easy_5000__data_science__data_science_task_0640,/wbl-fast/usrs/ee/teacher-answer-rl/terminal_synthetic_tasks/easy/easy_5000/data_science/data_science_task_0640
easy_5000__data_science__data_science_task_2693,/wbl-fast/usrs/ee/teacher-answer-rl/terminal_synthetic_tasks/easy/easy_5000/data_science/data_science_task_2693
medium_5000__data_processing__data_processing_task_3250,/wbl-fast/usrs/ee/teacher-answer-rl/terminal_synthetic_tasks/medium/medium_5000/data_processing/data_processing_task_3250
medium_5000__security__security_task_4990,/wbl-fast/usrs/ee/teacher-answer-rl/terminal_synthetic_tasks/medium/medium_5000/security/security_task_4990
easy_5000__data_science__data_science_task_1287,/wbl-fast/usrs/ee/teacher-answer-rl/terminal_synthetic_tasks/easy/easy_5000/data_science/data_science_task_1287
easy_5000__data_science__data_science_task_0833,/wbl-fast/usrs/ee/teacher-answer-rl/terminal_synthetic_tasks/easy/easy_5000/data_science/data_science_task_0833
easy_5000__data_science__data_science_task_2930,/wbl-fast/usrs/ee/teacher-answer-rl/terminal_synthetic_tasks/easy/easy_5000/data_science/data_science_task_2930
medium_5000__data_querying__data_querying_task_1785,/wbl-fast/usrs/ee/teacher-answer-rl/terminal_synthetic_tasks/medium/medium_5000/data_querying/data_querying_task_1785
easy_5000__data_science__data_science_task_4184,/wbl-fast/usrs/ee/teacher-answer-rl/terminal_synthetic_tasks/easy/easy_5000/data_science/data_science_task_4184
medium_5000__data_querying__data_querying_task_2195,/wbl-fast/usrs/ee/teacher-answer-rl/terminal_synthetic_tasks/medium/medium_5000/data_querying/data_querying_task_2195
medium_5000__security__security_task_0355,/wbl-fast/usrs/ee/teacher-answer-rl/terminal_synthetic_tasks/medium/medium_5000/security/security_task_0355
easy_5000__data_science__data_science_task_0392,/wbl-fast/usrs/ee/teacher-answer-rl/terminal_synthetic_tasks/easy/easy_5000/data_science/data_science_task_0392
medium_5000__security__security_task_0462,/wbl-fast/usrs/ee/teacher-answer-rl/terminal_synthetic_tasks/medium/medium_5000/security/security_task_0462
easy_5000__data_science__data_science_task_1795,/wbl-fast/usrs/ee/teacher-answer-rl/terminal_synthetic_tasks/easy/easy_5000/data_science/data_science_task_1795
easy_5000__data_science__data_science_task_3274,/wbl-fast/usrs/ee/teacher-answer-rl/terminal_synthetic_tasks/easy/easy_5000/data_science/data_science_task_3274
medium_5000__security__security_task_2479,/wbl-fast/usrs/ee/teacher-answer-rl/terminal_synthetic_tasks/medium/medium_5000/security/security_task_2479
medium_5000__security__security_task_2163,/wbl-fast/usrs/ee/teacher-answer-rl/terminal_synthetic_tasks/medium/medium_5000/security/security_task_2163
medium_5000__security__security_task_0522,/wbl-fast/usrs/ee/teacher-answer-rl/terminal_synthetic_tasks/medium/medium_5000/security/security_task_0522
medium_5000__data_processing__data_processing_task_2577,/wbl-fast/usrs/ee/teacher-answer-rl/terminal_synthetic_tasks/medium/medium_5000/data_processing/data_processing_task_2577
medium_5000__security__security_task_2585,/wbl-fast/usrs/ee/teacher-answer-rl/terminal_synthetic_tasks/medium/medium_5000/security/security_task_2585
medium_5000__data_querying__data_querying_task_3497,/wbl-fast/usrs/ee/teacher-answer-rl/terminal_synthetic_tasks/medium/medium_5000/data_querying/data_querying_task_3497
medium_5000__data_querying__data_querying_task_4922,/wbl-fast/usrs/ee/teacher-answer-rl/terminal_synthetic_tasks/medium/medium_5000/data_querying/data_querying_task_4922
easy_5000__data_science__data_science_task_1116,/wbl-fast/usrs/ee/teacher-answer-rl/terminal_synthetic_tasks/easy/easy_5000/data_science/data_science_task_1116
medium_5000__data_processing__data_processing_task_3105,/wbl-fast/usrs/ee/teacher-answer-rl/terminal_synthetic_tasks/medium/medium_5000/data_processing/data_processing_task_3105
easy_5000__data_science__data_science_task_2197,/wbl-fast/usrs/ee/teacher-answer-rl/terminal_synthetic_tasks/easy/easy_5000/data_science/data_science_task_2197
medium_5000__data_querying__data_querying_task_0862,/wbl-fast/usrs/ee/teacher-answer-rl/terminal_synthetic_tasks/medium/medium_5000/data_querying/data_querying_task_0862
medium_5000__security__security_task_3669,/wbl-fast/usrs/ee/teacher-answer-rl/terminal_synthetic_tasks/medium/medium_5000/security/security_task_3669
medium_5000__data_processing__data_processing_task_0815,/wbl-fast/usrs/ee/teacher-answer-rl/terminal_synthetic_tasks/medium/medium_5000/data_processing/data_processing_task_0815
medium_5000__data_processing__data_processing_task_2781,/wbl-fast/usrs/ee/teacher-answer-rl/terminal_synthetic_tasks/medium/medium_5000/data_processing/data_processing_task_2781
easy_5000__data_science__data_science_task_4017,/wbl-fast/usrs/ee/teacher-answer-rl/terminal_synthetic_tasks/easy/easy_5000/data_science/data_science_task_4017
easy_5000__data_science__data_science_task_1488,/wbl-fast/usrs/ee/teacher-answer-rl/terminal_synthetic_tasks/easy/easy_5000/data_science/data_science_task_1488
medium_5000__data_processing__data_processing_task_4966,/wbl-fast/usrs/ee/teacher-answer-rl/terminal_synthetic_tasks/medium/medium_5000/data_processing/data_processing_task_4966
easy_5000__data_science__data_science_task_0830,/wbl-fast/usrs/ee/teacher-answer-rl/terminal_synthetic_tasks/easy/easy_5000/data_science/data_science_task_0830
medium_5000__data_processing__data_processing_task_2233,/wbl-fast/usrs/ee/teacher-answer-rl/terminal_synthetic_tasks/medium/medium_5000/data_processing/data_processing_task_2233
medium_5000__data_querying__data_querying_task_2307,/wbl-fast/usrs/ee/teacher-answer-rl/terminal_synthetic_tasks/medium/medium_5000/data_querying/data_querying_task_2307
easy_5000__data_science__data_science_task_2583,/wbl-fast/usrs/ee/teacher-answer-rl/terminal_synthetic_tasks/easy/easy_5000/data_science/data_science_task_2583
easy_5000__data_science__data_science_task_4898,/wbl-fast/usrs/ee/teacher-answer-rl/terminal_synthetic_tasks/easy/easy_5000/data_science/data_science_task_4898
medium_5000__data_processing__data_processing_task_0334,/wbl-fast/usrs/ee/teacher-answer-rl/terminal_synthetic_tasks/medium/medium_5000/data_processing/data_processing_task_0334
easy_5000__data_science__data_science_task_0663,/wbl-fast/usrs/ee/teacher-answer-rl/terminal_synthetic_tasks/easy/easy_5000/data_science/data_science_task_0663
medium_5000__data_querying__data_querying_task_4159,/wbl-fast/usrs/ee/teacher-answer-rl/terminal_synthetic_tasks/medium/medium_5000/data_querying/data_querying_task_4159
medium_5000__data_querying__data_querying_task_1341,/wbl-fast/usrs/ee/teacher-answer-rl/terminal_synthetic_tasks/medium/medium_5000/data_querying/data_querying_task_1341
easy_5000__data_science__data_science_task_3235,/wbl-fast/usrs/ee/teacher-answer-rl/terminal_synthetic_tasks/easy/easy_5000/data_science/data_science_task_3235
easy_5000__data_science__data_science_task_4215,/wbl-fast/usrs/ee/teacher-answer-rl/terminal_synthetic_tasks/easy/easy_5000/data_science/data_science_task_4215
easy_5000__data_science__data_science_task_0573,/wbl-fast/usrs/ee/teacher-answer-rl/terminal_synthetic_tasks/easy/easy_5000/data_science/data_science_task_0573
medium_5000__data_querying__data_querying_task_2408,/wbl-fast/usrs/ee/teacher-answer-rl/terminal_synthetic_tasks/medium/medium_5000/data_querying/data_querying_task_2408
medium_5000__security__security_task_3507,/wbl-fast/usrs/ee/teacher-answer-rl/terminal_synthetic_tasks/medium/medium_5000/security/security_task_3507
easy_5000__data_science__data_science_task_2765,/wbl-fast/usrs/ee/teacher-answer-rl/terminal_synthetic_tasks/easy/easy_5000/data_science/data_science_task_2765
easy_5000__data_science__data_science_task_0879,/wbl-fast/usrs/ee/teacher-answer-rl/terminal_synthetic_tasks/easy/easy_5000/data_science/data_science_task_0879
medium_5000__security__security_task_0745,/wbl-fast/usrs/ee/teacher-answer-rl/terminal_synthetic_tasks/medium/medium_5000/security/security_task_0745
medium_5000__data_querying__data_querying_task_2064,/wbl-fast/usrs/ee/teacher-answer-rl/terminal_synthetic_tasks/medium/medium_5000/data_querying/data_querying_task_2064
easy_5000__data_science__data_science_task_0164,/wbl-fast/usrs/ee/teacher-answer-rl/terminal_synthetic_tasks/easy/easy_5000/data_science/data_science_task_0164
medium_5000__data_querying__data_querying_task_3247,/wbl-fast/usrs/ee/teacher-answer-rl/terminal_synthetic_tasks/medium/medium_5000/data_querying/data_querying_task_3247
easy_5000__data_science__data_science_task_1812,/wbl-fast/usrs/ee/teacher-answer-rl/terminal_synthetic_tasks/easy/easy_5000/data_science/data_science_task_1812
easy_5000__data_science__data_science_task_0888,/wbl-fast/usrs/ee/teacher-answer-rl/terminal_synthetic_tasks/easy/easy_5000/data_science/data_science_task_0888
medium_5000__data_processing__data_processing_task_0249,/wbl-fast/usrs/ee/teacher-answer-rl/terminal_synthetic_tasks/medium/medium_5000/data_processing/data_processing_task_0249
easy_5000__data_science__data_science_task_2665,/wbl-fast/usrs/ee/teacher-answer-rl/terminal_synthetic_tasks/easy/easy_5000/data_science/data_science_task_2665
medium_5000__data_querying__data_querying_task_4736,/wbl-fast/usrs/ee/teacher-answer-rl/terminal_synthetic_tasks/medium/medium_5000/data_querying/data_querying_task_4736
medium_5000__security__security_task_3086,/wbl-fast/usrs/ee/teacher-answer-rl/terminal_synthetic_tasks/medium/medium_5000/security/security_task_3086
easy_5000__data_science__data_science_task_0112,/wbl-fast/usrs/ee/teacher-answer-rl/terminal_synthetic_tasks/easy/easy_5000/data_science/data_science_task_0112
medium_5000__data_processing__data_processing_task_3183,/wbl-fast/usrs/ee/teacher-answer-rl/terminal_synthetic_tasks/medium/medium_5000/data_processing/data_processing_task_3183
medium_5000__security__security_task_1368,/wbl-fast/usrs/ee/teacher-answer-rl/terminal_synthetic_tasks/medium/medium_5000/security/security_task_1368
medium_5000__data_querying__data_querying_task_1317,/wbl-fast/usrs/ee/teacher-answer-rl/terminal_synthetic_tasks/medium/medium_5000/data_querying/data_querying_task_1317
easy_5000__data_science__data_science_task_1280,/wbl-fast/usrs/ee/teacher-answer-rl/terminal_synthetic_tasks/easy/easy_5000/data_science/data_science_task_1280
easy_5000__data_science__data_science_task_2041,/wbl-fast/usrs/ee/teacher-answer-rl/terminal_synthetic_tasks/easy/easy_5000/data_science/data_science_task_2041
medium_5000__security__security_task_1390,/wbl-fast/usrs/ee/teacher-answer-rl/terminal_synthetic_tasks/medium/medium_5000/security/security_task_1390
easy_5000__data_science__data_science_task_0500,/wbl-fast/usrs/ee/teacher-answer-rl/terminal_synthetic_tasks/easy/easy_5000/data_science/data_science_task_0500
medium_5000__data_processing__data_processing_task_3406,/wbl-fast/usrs/ee/teacher-answer-rl/terminal_synthetic_tasks/medium/medium_5000/data_processing/data_processing_task_3406
easy_5000__data_science__data_science_task_0427,/wbl-fast/usrs/ee/teacher-answer-rl/terminal_synthetic_tasks/easy/easy_5000/data_science/data_science_task_0427
easy_5000__data_science__data_science_task_4137,/wbl-fast/usrs/ee/teacher-answer-rl/terminal_synthetic_tasks/easy/easy_5000/data_science/data_science_task_4137
easy_5000__data_science__data_science_task_1791,/wbl-fast/usrs/ee/teacher-answer-rl/terminal_synthetic_tasks/easy/easy_5000/data_science/data_science_task_1791
medium_5000__data_querying__data_querying_task_0689,/wbl-fast/usrs/ee/teacher-answer-rl/terminal_synthetic_tasks/medium/medium_5000/data_querying/data_querying_task_0689
medium_5000__data_processing__data_processing_task_1925,/wbl-fast/usrs/ee/teacher-answer-rl/terminal_synthetic_tasks/medium/medium_5000/data_processing/data_processing_task_1925
easy_5000__data_science__data_science_task_1084,/wbl-fast/usrs/ee/teacher-answer-rl/terminal_synthetic_tasks/easy/easy_5000/data_science/data_science_task_1084
easy_5000__data_science__data_science_task_2655,/wbl-fast/usrs/ee/teacher-answer-rl/terminal_synthetic_tasks/easy/easy_5000/data_science/data_science_task_2655
medium_5000__data_querying__data_querying_task_4314,/wbl-fast/usrs/ee/teacher-answer-rl/terminal_synthetic_tasks/medium/medium_5000/data_querying/data_querying_task_4314
easy_5000__data_science__data_science_task_3019,/wbl-fast/usrs/ee/teacher-answer-rl/terminal_synthetic_tasks/easy/easy_5000/data_science/data_science_task_3019
easy_5000__data_science__data_science_task_2597,/wbl-fast/usrs/ee/teacher-answer-rl/terminal_synthetic_tasks/easy/easy_5000/data_science/data_science_task_2597
medium_5000__data_processing__data_processing_task_2296,/wbl-fast/usrs/ee/teacher-answer-rl/terminal_synthetic_tasks/medium/medium_5000/data_processing/data_processing_task_2296
medium_5000__security__security_task_4959,/wbl-fast/usrs/ee/teacher-answer-rl/terminal_synthetic_tasks/medium/medium_5000/security/security_task_4959
easy_5000__data_science__data_science_task_2357,/wbl-fast/usrs/ee/teacher-answer-rl/terminal_synthetic_tasks/easy/easy_5000/data_science/data_science_task_2357
medium_5000__data_processing__data_processing_task_1597,/wbl-fast/usrs/ee/teacher-answer-rl/terminal_synthetic_tasks/medium/medium_5000/data_processing/data_processing_task_1597
easy_5000__data_science__data_science_task_3090,/wbl-fast/usrs/ee/teacher-answer-rl/terminal_synthetic_tasks/easy/easy_5000/data_science/data_science_task_3090
medium_5000__data_querying__data_querying_task_1709,/wbl-fast/usrs/ee/teacher-answer-rl/terminal_synthetic_tasks/medium/medium_5000/data_querying/data_querying_task_1709
medium_5000__data_querying__data_querying_task_4883,/wbl-fast/usrs/ee/teacher-answer-rl/terminal_synthetic_tasks/medium/medium_5000/data_querying/data_querying_task_4883
easy_5000__data_science__data_science_task_1993,/wbl-fast/usrs/ee/teacher-answer-rl/terminal_synthetic_tasks/easy/easy_5000/data_science/data_science_task_1993
easy_5000__data_science__data_science_task_2623,/wbl-fast/usrs/ee/teacher-answer-rl/terminal_synthetic_tasks/easy/easy_5000/data_science/data_science_task_2623
easy_5000__data_science__data_science_task_4495,/wbl-fast/usrs/ee/teacher-answer-rl/terminal_synthetic_tasks/easy/easy_5000/data_science/data_science_task_4495
medium_5000__data_processing__data_processing_task_2464,/wbl-fast/usrs/ee/teacher-answer-rl/terminal_synthetic_tasks/medium/medium_5000/data_processing/data_processing_task_2464
medium_5000__security__security_task_3770,/wbl-fast/usrs/ee/teacher-answer-rl/terminal_synthetic_tasks/medium/medium_5000/security/security_task_3770
easy_5000__data_science__data_science_task_2432,/wbl-fast/usrs/ee/teacher-answer-rl/terminal_synthetic_tasks/easy/easy_5000/data_science/data_science_task_2432
easy_5000__data_science__data_science_task_4407,/wbl-fast/usrs/ee/teacher-answer-rl/terminal_synthetic_tasks/easy/easy_5000/data_science/data_science_task_4407
easy_5000__data_science__data_science_task_2682,/wbl-fast/usrs/ee/teacher-answer-rl/terminal_synthetic_tasks/easy/easy_5000/data_science/data_science_task_2682
medium_5000__data_processing__data_processing_task_3834,/wbl-fast/usrs/ee/teacher-answer-rl/terminal_synthetic_tasks/medium/medium_5000/data_processing/data_processing_task_3834
medium_5000__data_processing__data_processing_task_2150,/wbl-fast/usrs/ee/teacher-answer-rl/terminal_synthetic_tasks/medium/medium_5000/data_processing/data_processing_task_2150
medium_5000__security__security_task_2854,/wbl-fast/usrs/ee/teacher-answer-rl/terminal_synthetic_tasks/medium/medium_5000/security/security_task_2854
medium_5000__security__security_task_3219,/wbl-fast/usrs/ee/teacher-answer-rl/terminal_synthetic_tasks/medium/medium_5000/security/security_task_3219
medium_5000__security__security_task_4031,/wbl-fast/usrs/ee/teacher-answer-rl/terminal_synthetic_tasks/medium/medium_5000/security/security_task_4031
easy_5000__data_science__data_science_task_4951,/wbl-fast/usrs/ee/teacher-answer-rl/terminal_synthetic_tasks/easy/easy_5000/data_science/data_science_task_4951
medium_5000__data_querying__data_querying_task_2291,/wbl-fast/usrs/ee/teacher-answer-rl/terminal_synthetic_tasks/medium/medium_5000/data_querying/data_querying_task_2291
medium_5000__data_processing__data_processing_task_3036,/wbl-fast/usrs/ee/teacher-answer-rl/terminal_synthetic_tasks/medium/medium_5000/data_processing/data_processing_task_3036
easy_5000__data_science__data_science_task_0365,/wbl-fast/usrs/ee/teacher-answer-rl/terminal_synthetic_tasks/easy/easy_5000/data_science/data_science_task_0365
easy_5000__data_science__data_science_task_1873,/wbl-fast/usrs/ee/teacher-answer-rl/terminal_synthetic_tasks/easy/easy_5000/data_science/data_science_task_1873
easy_5000__data_science__data_science_task_2878,/wbl-fast/usrs/ee/teacher-answer-rl/terminal_synthetic_tasks/easy/easy_5000/data_science/data_science_task_2878
medium_5000__data_querying__data_querying_task_1459,/wbl-fast/usrs/ee/teacher-answer-rl/terminal_synthetic_tasks/medium/medium_5000/data_querying/data_querying_task_1459
easy_5000__data_science__data_science_task_3896,/wbl-fast/usrs/ee/teacher-answer-rl/terminal_synthetic_tasks/easy/easy_5000/data_science/data_science_task_3896
medium_5000__data_processing__data_processing_task_0454,/wbl-fast/usrs/ee/teacher-answer-rl/terminal_synthetic_tasks/medium/medium_5000/data_processing/data_processing_task_0454
medium_5000__security__security_task_4800,/wbl-fast/usrs/ee/teacher-answer-rl/terminal_synthetic_tasks/medium/medium_5000/security/security_task_4800
easy_5000__data_science__data_science_task_2482,/wbl-fast/usrs/ee/teacher-answer-rl/terminal_synthetic_tasks/easy/easy_5000/data_science/data_science_task_2482
medium_5000__data_processing__data_processing_task_1014,/wbl-fast/usrs/ee/teacher-answer-rl/terminal_synthetic_tasks/medium/medium_5000/data_processing/data_processing_task_1014
easy_5000__data_science__data_science_task_4420,/wbl-fast/usrs/ee/teacher-answer-rl/terminal_synthetic_tasks/easy/easy_5000/data_science/data_science_task_4420
medium_5000__data_processing__data_processing_task_1987,/wbl-fast/usrs/ee/teacher-answer-rl/terminal_synthetic_tasks/medium/medium_5000/data_processing/data_processing_task_1987
medium_5000__data_processing__data_processing_task_1815,/wbl-fast/usrs/ee/teacher-answer-rl/terminal_synthetic_tasks/medium/medium_5000/data_processing/data_processing_task_1815
easy_5000__data_science__data_science_task_1762,/wbl-fast/usrs/ee/teacher-answer-rl/terminal_synthetic_tasks/easy/easy_5000/data_science/data_science_task_1762
medium_5000__data_processing__data_processing_task_4888,/wbl-fast/usrs/ee/teacher-answer-rl/terminal_synthetic_tasks/medium/medium_5000/data_processing/data_processing_task_4888
medium_5000__data_processing__data_processing_task_1163,/wbl-fast/usrs/ee/teacher-answer-rl/terminal_synthetic_tasks/medium/medium_5000/data_processing/data_processing_task_1163
easy_5000__data_science__data_science_task_0180,/wbl-fast/usrs/ee/teacher-answer-rl/terminal_synthetic_tasks/easy/easy_5000/data_science/data_science_task_0180
easy_5000__data_science__data_science_task_4703,/wbl-fast/usrs/ee/teacher-answer-rl/terminal_synthetic_tasks/easy/easy_5000/data_science/data_science_task_4703
easy_5000__data_science__data_science_task_1055,/wbl-fast/usrs/ee/teacher-answer-rl/terminal_synthetic_tasks/easy/easy_5000/data_science/data_science_task_1055
easy_5000__data_science__data_science_task_4282,/wbl-fast/usrs/ee/teacher-answer-rl/terminal_synthetic_tasks/easy/easy_5000/data_science/data_science_task_4282
easy_5000__data_science__data_science_task_0149,/wbl-fast/usrs/ee/teacher-answer-rl/terminal_synthetic_tasks/easy/easy_5000/data_science/data_science_task_0149
easy_5000__data_science__data_science_task_1622,/wbl-fast/usrs/ee/teacher-answer-rl/terminal_synthetic_tasks/easy/easy_5000/data_science/data_science_task_1622
easy_5000__data_science__data_science_task_0539,/wbl-fast/usrs/ee/teacher-answer-rl/terminal_synthetic_tasks/easy/easy_5000/data_science/data_science_task_0539
easy_5000__data_science__data_science_task_4266,/wbl-fast/usrs/ee/teacher-answer-rl/terminal_synthetic_tasks/easy/easy_5000/data_science/data_science_task_4266
medium_5000__data_querying__data_querying_task_2487,/wbl-fast/usrs/ee/teacher-answer-rl/terminal_synthetic_tasks/medium/medium_5000/data_querying/data_querying_task_2487
easy_5000__data_science__data_science_task_1290,/wbl-fast/usrs/ee/teacher-answer-rl/terminal_synthetic_tasks/easy/easy_5000/data_science/data_science_task_1290
easy_5000__data_science__data_science_task_1958,/wbl-fast/usrs/ee/teacher-answer-rl/terminal_synthetic_tasks/easy/easy_5000/data_science/data_science_task_1958
easy_5000__data_science__data_science_task_1384,/wbl-fast/usrs/ee/teacher-answer-rl/terminal_synthetic_tasks/easy/easy_5000/data_science/data_science_task_1384
easy_5000__data_science__data_science_task_2128,/wbl-fast/usrs/ee/teacher-answer-rl/terminal_synthetic_tasks/easy/easy_5000/data_science/data_science_task_2128
medium_5000__data_querying__data_querying_task_4886,/wbl-fast/usrs/ee/teacher-answer-rl/terminal_synthetic_tasks/medium/medium_5000/data_querying/data_querying_task_4886
easy_5000__data_science__data_science_task_2272,/wbl-fast/usrs/ee/teacher-answer-rl/terminal_synthetic_tasks/easy/easy_5000/data_science/data_science_task_2272
medium_5000__data_querying__data_querying_task_2676,/wbl-fast/usrs/ee/teacher-answer-rl/terminal_synthetic_tasks/medium/medium_5000/data_querying/data_querying_task_2676
medium_5000__security__security_task_3713,/wbl-fast/usrs/ee/teacher-answer-rl/terminal_synthetic_tasks/medium/medium_5000/security/security_task_3713
easy_5000__data_science__data_science_task_3423,/wbl-fast/usrs/ee/teacher-answer-rl/terminal_synthetic_tasks/easy/easy_5000/data_science/data_science_task_3423
medium_5000__data_querying__data_querying_task_1593,/wbl-fast/usrs/ee/teacher-answer-rl/terminal_synthetic_tasks/medium/medium_5000/data_querying/data_querying_task_1593
medium_5000__data_querying__data_querying_task_0331,/wbl-fast/usrs/ee/teacher-answer-rl/terminal_synthetic_tasks/medium/medium_5000/data_querying/data_querying_task_0331
medium_5000__security__security_task_0231,/wbl-fast/usrs/ee/teacher-answer-rl/terminal_synthetic_tasks/medium/medium_5000/security/security_task_0231
medium_5000__data_processing__data_processing_task_0577,/wbl-fast/usrs/ee/teacher-answer-rl/terminal_synthetic_tasks/medium/medium_5000/data_processing/data_processing_task_0577
medium_5000__security__security_task_3844,/wbl-fast/usrs/ee/teacher-answer-rl/terminal_synthetic_tasks/medium/medium_5000/security/security_task_3844
easy_5000__data_science__data_science_task_3044,/wbl-fast/usrs/ee/teacher-answer-rl/terminal_synthetic_tasks/easy/easy_5000/data_science/data_science_task_3044
medium_5000__data_querying__data_querying_task_0616,/wbl-fast/usrs/ee/teacher-answer-rl/terminal_synthetic_tasks/medium/medium_5000/data_querying/data_querying_task_0616
easy_5000__data_science__data_science_task_0837,/wbl-fast/usrs/ee/teacher-answer-rl/terminal_synthetic_tasks/easy/easy_5000/data_science/data_science_task_0837
medium_5000__data_querying__data_querying_task_2560,/wbl-fast/usrs/ee/teacher-answer-rl/terminal_synthetic_tasks/medium/medium_5000/data_querying/data_querying_task_2560
medium_5000__security__security_task_4688,/wbl-fast/usrs/ee/teacher-answer-rl/terminal_synthetic_tasks/medium/medium_5000/security/security_task_4688
easy_5000__data_science__data_science_task_0552,/wbl-fast/usrs/ee/teacher-answer-rl/terminal_synthetic_tasks/easy/easy_5000/data_science/data_science_task_0552
medium_5000__data_processing__data_processing_task_3118,/wbl-fast/usrs/ee/teacher-answer-rl/terminal_synthetic_tasks/medium/medium_5000/data_processing/data_processing_task_3118
easy_5000__data_science__data_science_task_3377,/wbl-fast/usrs/ee/teacher-answer-rl/terminal_synthetic_tasks/easy/easy_5000/data_science/data_science_task_3377
easy_5000__data_science__data_science_task_2534,/wbl-fast/usrs/ee/teacher-answer-rl/terminal_synthetic_tasks/easy/easy_5000/data_science/data_science_task_2534
medium_5000__data_querying__data_querying_task_2224,/wbl-fast/usrs/ee/teacher-answer-rl/terminal_synthetic_tasks/medium/medium_5000/data_querying/data_querying_task_2224
easy_5000__data_science__data_science_task_4005,/wbl-fast/usrs/ee/teacher-answer-rl/terminal_synthetic_tasks/easy/easy_5000/data_science/data_science_task_4005
medium_5000__data_processing__data_processing_task_3369,/wbl-fast/usrs/ee/teacher-answer-rl/terminal_synthetic_tasks/medium/medium_5000/data_processing/data_processing_task_3369
medium_5000__security__security_task_1248,/wbl-fast/usrs/ee/teacher-answer-rl/terminal_synthetic_tasks/medium/medium_5000/security/security_task_1248
easy_5000__data_science__data_science_task_0703,/wbl-fast/usrs/ee/teacher-answer-rl/terminal_synthetic_tasks/easy/easy_5000/data_science/data_science_task_0703
easy_5000__data_science__data_science_task_4549,/wbl-fast/usrs/ee/teacher-answer-rl/terminal_synthetic_tasks/easy/easy_5000/data_science/data_science_task_4549
easy_5000__data_science__data_science_task_1831,/wbl-fast/usrs/ee/teacher-answer-rl/terminal_synthetic_tasks/easy/easy_5000/data_science/data_science_task_1831
easy_5000__data_science__data_science_task_3252,/wbl-fast/usrs/ee/teacher-answer-rl/terminal_synthetic_tasks/easy/easy_5000/data_science/data_science_task_3252
medium_5000__data_processing__data_processing_task_4331,/wbl-fast/usrs/ee/teacher-answer-rl/terminal_synthetic_tasks/medium/medium_5000/data_processing/data_processing_task_4331
medium_5000__security__security_task_1737,/wbl-fast/usrs/ee/teacher-answer-rl/terminal_synthetic_tasks/medium/medium_5000/security/security_task_1737
medium_5000__security__security_task_2564,/wbl-fast/usrs/ee/teacher-answer-rl/terminal_synthetic_tasks/medium/medium_5000/security/security_task_2564
medium_5000__data_processing__data_processing_task_2925,/wbl-fast/usrs/ee/teacher-answer-rl/terminal_synthetic_tasks/medium/medium_5000/data_processing/data_processing_task_2925
easy_5000__data_science__data_science_task_3063,/wbl-fast/usrs/ee/teacher-answer-rl/terminal_synthetic_tasks/easy/easy_5000/data_science/data_science_task_3063
medium_5000__data_processing__data_processing_task_4064,/wbl-fast/usrs/ee/teacher-answer-rl/terminal_synthetic_tasks/medium/medium_5000/data_processing/data_processing_task_4064
medium_5000__data_querying__data_querying_task_3949,/wbl-fast/usrs/ee/teacher-answer-rl/terminal_synthetic_tasks/medium/medium_5000/data_querying/data_querying_task_3949
medium_5000__data_processing__data_processing_task_2492,/wbl-fast/usrs/ee/teacher-answer-rl/terminal_synthetic_tasks/medium/medium_5000/data_processing/data_processing_task_2492
easy_5000__data_science__data_science_task_1567,/wbl-fast/usrs/ee/teacher-answer-rl/terminal_synthetic_tasks/easy/easy_5000/data_science/data_science_task_1567
easy_5000__data_science__data_science_task_2153,/wbl-fast/usrs/ee/teacher-answer-rl/terminal_synthetic_tasks/easy/easy_5000/data_science/data_science_task_2153
medium_5000__data_querying__data_querying_task_4070,/wbl-fast/usrs/ee/teacher-answer-rl/terminal_synthetic_tasks/medium/medium_5000/data_querying/data_querying_task_4070
medium_5000__data_processing__data_processing_task_1509,/wbl-fast/usrs/ee/teacher-answer-rl/terminal_synthetic_tasks/medium/medium_5000/data_processing/data_processing_task_1509
medium_5000__data_processing__data_processing_task_0919,/wbl-fast/usrs/ee/teacher-answer-rl/terminal_synthetic_tasks/medium/medium_5000/data_processing/data_processing_task_0919
easy_5000__data_science__data_science_task_2611,/wbl-fast/usrs/ee/teacher-answer-rl/terminal_synthetic_tasks/easy/easy_5000/data_science/data_science_task_2611
easy_5000__data_science__data_science_task_4408,/wbl-fast/usrs/ee/teacher-answer-rl/terminal_synthetic_tasks/easy/easy_5000/data_science/data_science_task_4408
easy_5000__data_science__data_science_task_0450,/wbl-fast/usrs/ee/teacher-answer-rl/terminal_synthetic_tasks/easy/easy_5000/data_science/data_science_task_0450
easy_5000__data_science__data_science_task_0033,/wbl-fast/usrs/ee/teacher-answer-rl/terminal_synthetic_tasks/easy/easy_5000/data_science/data_science_task_0033
medium_5000__data_processing__data_processing_task_0031,/wbl-fast/usrs/ee/teacher-answer-rl/terminal_synthetic_tasks/medium/medium_5000/data_processing/data_processing_task_0031
easy_5000__data_science__data_science_task_3201,/wbl-fast/usrs/ee/teacher-answer-rl/terminal_synthetic_tasks/easy/easy_5000/data_science/data_science_task_3201
medium_5000__security__security_task_0190,/wbl-fast/usrs/ee/teacher-answer-rl/terminal_synthetic_tasks/medium/medium_5000/security/security_task_0190
medium_5000__data_querying__data_querying_task_1524,/wbl-fast/usrs/ee/teacher-answer-rl/terminal_synthetic_tasks/medium/medium_5000/data_querying/data_querying_task_1524
medium_5000__security__security_task_2079,/wbl-fast/usrs/ee/teacher-answer-rl/terminal_synthetic_tasks/medium/medium_5000/security/security_task_2079
medium_5000__security__security_task_4056,/wbl-fast/usrs/ee/teacher-answer-rl/terminal_synthetic_tasks/medium/medium_5000/security/security_task_4056
easy_5000__data_science__data_science_task_0340,/wbl-fast/usrs/ee/teacher-answer-rl/terminal_synthetic_tasks/easy/easy_5000/data_science/data_science_task_0340
easy_5000__data_science__data_science_task_2906,/wbl-fast/usrs/ee/teacher-answer-rl/terminal_synthetic_tasks/easy/easy_5000/data_science/data_science_task_2906
easy_5000__data_science__data_science_task_3771,/wbl-fast/usrs/ee/teacher-answer-rl/terminal_synthetic_tasks/easy/easy_5000/data_science/data_science_task_3771
easy_5000__data_science__data_science_task_2400,/wbl-fast/usrs/ee/teacher-answer-rl/terminal_synthetic_tasks/easy/easy_5000/data_science/data_science_task_2400
easy_5000__data_science__data_science_task_2419,/wbl-fast/usrs/ee/teacher-answer-rl/terminal_synthetic_tasks/easy/easy_5000/data_science/data_science_task_2419
medium_5000__data_querying__data_querying_task_1421,/wbl-fast/usrs/ee/teacher-answer-rl/terminal_synthetic_tasks/medium/medium_5000/data_querying/data_querying_task_1421
easy_5000__data_science__data_science_task_3777,/wbl-fast/usrs/ee/teacher-answer-rl/terminal_synthetic_tasks/easy/easy_5000/data_science/data_science_task_3777
easy_5000__data_science__data_science_task_0011,/wbl-fast/usrs/ee/teacher-answer-rl/terminal_synthetic_tasks/easy/easy_5000/data_science/data_science_task_0011
medium_5000__data_processing__data_processing_task_0928,/wbl-fast/usrs/ee/teacher-answer-rl/terminal_synthetic_tasks/medium/medium_5000/data_processing/data_processing_task_0928
medium_5000__data_querying__data_querying_task_0824,/wbl-fast/usrs/ee/teacher-answer-rl/terminal_synthetic_tasks/medium/medium_5000/data_querying/data_querying_task_0824
medium_5000__data_processing__data_processing_task_4928,/wbl-fast/usrs/ee/teacher-answer-rl/terminal_synthetic_tasks/medium/medium_5000/data_processing/data_processing_task_4928
easy_5000__data_science__data_science_task_4702,/wbl-fast/usrs/ee/teacher-answer-rl/terminal_synthetic_tasks/easy/easy_5000/data_science/data_science_task_4702
easy_5000__data_science__data_science_task_2620,/wbl-fast/usrs/ee/teacher-answer-rl/terminal_synthetic_tasks/easy/easy_5000/data_science/data_science_task_2620
easy_5000__data_science__data_science_task_1809,/wbl-fast/usrs/ee/teacher-answer-rl/terminal_synthetic_tasks/easy/easy_5000/data_science/data_science_task_1809
medium_5000__data_querying__data_querying_task_3682,/wbl-fast/usrs/ee/teacher-answer-rl/terminal_synthetic_tasks/medium/medium_5000/data_querying/data_querying_task_3682
easy_5000__data_science__data_science_task_3310,/wbl-fast/usrs/ee/teacher-answer-rl/terminal_synthetic_tasks/easy/easy_5000/data_science/data_science_task_3310
medium_5000__security__security_task_1501,/wbl-fast/usrs/ee/teacher-answer-rl/terminal_synthetic_tasks/medium/medium_5000/security/security_task_1501
medium_5000__security__security_task_1917,/wbl-fast/usrs/ee/teacher-answer-rl/terminal_synthetic_tasks/medium/medium_5000/security/security_task_1917
easy_5000__data_science__data_science_task_0045,/wbl-fast/usrs/ee/teacher-answer-rl/terminal_synthetic_tasks/easy/easy_5000/data_science/data_science_task_0045
easy_5000__data_science__data_science_task_2761,/wbl-fast/usrs/ee/teacher-answer-rl/terminal_synthetic_tasks/easy/easy_5000/data_science/data_science_task_2761
medium_5000__data_processing__data_processing_task_3057,/wbl-fast/usrs/ee/teacher-answer-rl/terminal_synthetic_tasks/medium/medium_5000/data_processing/data_processing_task_3057
easy_5000__data_science__data_science_task_2461,/wbl-fast/usrs/ee/teacher-answer-rl/terminal_synthetic_tasks/easy/easy_5000/data_science/data_science_task_2461
easy_5000__data_science__data_science_task_1984,/wbl-fast/usrs/ee/teacher-answer-rl/terminal_synthetic_tasks/easy/easy_5000/data_science/data_science_task_1984
medium_5000__data_processing__data_processing_task_3587,/wbl-fast/usrs/ee/teacher-answer-rl/terminal_synthetic_tasks/medium/medium_5000/data_processing/data_processing_task_3587
easy_5000__data_science__data_science_task_3956,/wbl-fast/usrs/ee/teacher-answer-rl/terminal_synthetic_tasks/easy/easy_5000/data_science/data_science_task_3956
easy_5000__data_science__data_science_task_0831,/wbl-fast/usrs/ee/teacher-answer-rl/terminal_synthetic_tasks/easy/easy_5000/data_science/data_science_task_0831
medium_5000__security__security_task_3184,/wbl-fast/usrs/ee/teacher-answer-rl/terminal_synthetic_tasks/medium/medium_5000/security/security_task_3184
medium_5000__data_querying__data_querying_task_2017,/wbl-fast/usrs/ee/teacher-answer-rl/terminal_synthetic_tasks/medium/medium_5000/data_querying/data_querying_task_2017
medium_5000__data_processing__data_processing_task_0665,/wbl-fast/usrs/ee/teacher-answer-rl/terminal_synthetic_tasks/medium/medium_5000/data_processing/data_processing_task_0665
easy_5000__data_science__data_science_task_1430,/wbl-fast/usrs/ee/teacher-answer-rl/terminal_synthetic_tasks/easy/easy_5000/data_science/data_science_task_1430
easy_5000__data_science__data_science_task_0891,/wbl-fast/usrs/ee/teacher-answer-rl/terminal_synthetic_tasks/easy/easy_5000/data_science/data_science_task_0891
medium_5000__security__security_task_2782,/wbl-fast/usrs/ee/teacher-answer-rl/terminal_synthetic_tasks/medium/medium_5000/security/security_task_2782
medium_5000__security__security_task_1706,/wbl-fast/usrs/ee/teacher-answer-rl/terminal_synthetic_tasks/medium/medium_5000/security/security_task_1706
medium_5000__data_querying__data_querying_task_3211,/wbl-fast/usrs/ee/teacher-answer-rl/terminal_synthetic_tasks/medium/medium_5000/data_querying/data_querying_task_3211
medium_5000__data_querying__data_querying_task_3330,/wbl-fast/usrs/ee/teacher-answer-rl/terminal_synthetic_tasks/medium/medium_5000/data_querying/data_querying_task_3330
medium_5000__security__security_task_3299,/wbl-fast/usrs/ee/teacher-answer-rl/terminal_synthetic_tasks/medium/medium_5000/security/security_task_3299
easy_5000__data_science__data_science_task_0901,/wbl-fast/usrs/ee/teacher-answer-rl/terminal_synthetic_tasks/easy/easy_5000/data_science/data_science_task_0901
easy_5000__data_science__data_science_task_4994,/wbl-fast/usrs/ee/teacher-answer-rl/terminal_synthetic_tasks/easy/easy_5000/data_science/data_science_task_4994
medium_5000__data_querying__data_querying_task_4740,/wbl-fast/usrs/ee/teacher-answer-rl/terminal_synthetic_tasks/medium/medium_5000/data_querying/data_querying_task_4740
easy_5000__data_science__data_science_task_3860,/wbl-fast/usrs/ee/teacher-answer-rl/terminal_synthetic_tasks/easy/easy_5000/data_science/data_science_task_3860
easy_5000__data_science__data_science_task_1548,/wbl-fast/usrs/ee/teacher-answer-rl/terminal_synthetic_tasks/easy/easy_5000/data_science/data_science_task_1548
easy_5000__data_science__data_science_task_4895,/wbl-fast/usrs/ee/teacher-answer-rl/terminal_synthetic_tasks/easy/easy_5000/data_science/data_science_task_4895
medium_5000__data_querying__data_querying_task_1671,/wbl-fast/usrs/ee/teacher-answer-rl/terminal_synthetic_tasks/medium/medium_5000/data_querying/data_querying_task_1671
easy_5000__data_science__data_science_task_3226,/wbl-fast/usrs/ee/teacher-answer-rl/terminal_synthetic_tasks/easy/easy_5000/data_science/data_science_task_3226
medium_5000__security__security_task_0131,/wbl-fast/usrs/ee/teacher-answer-rl/terminal_synthetic_tasks/medium/medium_5000/security/security_task_0131
medium_5000__security__security_task_4898,/wbl-fast/usrs/ee/teacher-answer-rl/terminal_synthetic_tasks/medium/medium_5000/security/security_task_4898
medium_5000__security__security_task_1983,/wbl-fast/usrs/ee/teacher-answer-rl/terminal_synthetic_tasks/medium/medium_5000/security/security_task_1983
easy_5000__data_science__data_science_task_3013,/wbl-fast/usrs/ee/teacher-answer-rl/terminal_synthetic_tasks/easy/easy_5000/data_science/data_science_task_3013
medium_5000__data_querying__data_querying_task_0362,/wbl-fast/usrs/ee/teacher-answer-rl/terminal_synthetic_tasks/medium/medium_5000/data_querying/data_querying_task_0362
easy_5000__data_science__data_science_task_1381,/wbl-fast/usrs/ee/teacher-answer-rl/terminal_synthetic_tasks/easy/easy_5000/data_science/data_science_task_1381
easy_5000__data_science__data_science_task_0413,/wbl-fast/usrs/ee/teacher-answer-rl/terminal_synthetic_tasks/easy/easy_5000/data_science/data_science_task_0413
medium_5000__security__security_task_1814,/wbl-fast/usrs/ee/teacher-answer-rl/terminal_synthetic_tasks/medium/medium_5000/security/security_task_1814
medium_5000__data_processing__data_processing_task_3227,/wbl-fast/usrs/ee/teacher-answer-rl/terminal_synthetic_tasks/medium/medium_5000/data_processing/data_processing_task_3227
medium_5000__data_querying__data_querying_task_0993,/wbl-fast/usrs/ee/teacher-answer-rl/terminal_synthetic_tasks/medium/medium_5000/data_querying/data_querying_task_0993
medium_5000__data_processing__data_processing_task_3687,/wbl-fast/usrs/ee/teacher-answer-rl/terminal_synthetic_tasks/medium/medium_5000/data_processing/data_processing_task_3687
easy_5000__data_science__data_science_task_2819,/wbl-fast/usrs/ee/teacher-answer-rl/terminal_synthetic_tasks/easy/easy_5000/data_science/data_science_task_2819
medium_5000__security__security_task_0246,/wbl-fast/usrs/ee/teacher-answer-rl/terminal_synthetic_tasks/medium/medium_5000/security/security_task_0246
easy_5000__data_science__data_science_task_3904,/wbl-fast/usrs/ee/teacher-answer-rl/terminal_synthetic_tasks/easy/easy_5000/data_science/data_science_task_3904
easy_5000__data_science__data_science_task_0433,/wbl-fast/usrs/ee/teacher-answer-rl/terminal_synthetic_tasks/easy/easy_5000/data_science/data_science_task_0433
easy_5000__data_science__data_science_task_1489,/wbl-fast/usrs/ee/teacher-answer-rl/terminal_synthetic_tasks/easy/easy_5000/data_science/data_science_task_1489
easy_5000__data_science__data_science_task_2302,/wbl-fast/usrs/ee/teacher-answer-rl/terminal_synthetic_tasks/easy/easy_5000/data_science/data_science_task_2302
easy_5000__data_science__data_science_task_1442,/wbl-fast/usrs/ee/teacher-answer-rl/terminal_synthetic_tasks/easy/easy_5000/data_science/data_science_task_1442
medium_5000__data_processing__data_processing_task_0463,/wbl-fast/usrs/ee/teacher-answer-rl/terminal_synthetic_tasks/medium/medium_5000/data_processing/data_processing_task_0463
easy_5000__data_science__data_science_task_2968,/wbl-fast/usrs/ee/teacher-answer-rl/terminal_synthetic_tasks/easy/easy_5000/data_science/data_science_task_2968
medium_5000__data_querying__data_querying_task_2028,/wbl-fast/usrs/ee/teacher-answer-rl/terminal_synthetic_tasks/medium/medium_5000/data_querying/data_querying_task_2028
medium_5000__data_querying__data_querying_task_2561,/wbl-fast/usrs/ee/teacher-answer-rl/terminal_synthetic_tasks/medium/medium_5000/data_querying/data_querying_task_2561
easy_5000__data_science__data_science_task_4253,/wbl-fast/usrs/ee/teacher-answer-rl/terminal_synthetic_tasks/easy/easy_5000/data_science/data_science_task_4253
medium_5000__data_processing__data_processing_task_4042,/wbl-fast/usrs/ee/teacher-answer-rl/terminal_synthetic_tasks/medium/medium_5000/data_processing/data_processing_task_4042
easy_5000__data_science__data_science_task_4991,/wbl-fast/usrs/ee/teacher-answer-rl/terminal_synthetic_tasks/easy/easy_5000/data_science/data_science_task_4991
medium_5000__data_querying__data_querying_task_0790,/wbl-fast/usrs/ee/teacher-answer-rl/terminal_synthetic_tasks/medium/medium_5000/data_querying/data_querying_task_0790
easy_5000__data_science__data_science_task_0156,/wbl-fast/usrs/ee/teacher-answer-rl/terminal_synthetic_tasks/easy/easy_5000/data_science/data_science_task_0156
medium_5000__data_processing__data_processing_task_2474,/wbl-fast/usrs/ee/teacher-answer-rl/terminal_synthetic_tasks/medium/medium_5000/data_processing/data_processing_task_2474
medium_5000__data_processing__data_processing_task_2140,/wbl-fast/usrs/ee/teacher-answer-rl/terminal_synthetic_tasks/medium/medium_5000/data_processing/data_processing_task_2140
medium_5000__data_processing__data_processing_task_4407,/wbl-fast/usrs/ee/teacher-answer-rl/terminal_synthetic_tasks/medium/medium_5000/data_processing/data_processing_task_4407
medium_5000__security__security_task_2120,/wbl-fast/usrs/ee/teacher-answer-rl/terminal_synthetic_tasks/medium/medium_5000/security/security_task_2120
easy_5000__data_science__data_science_task_0307,/wbl-fast/usrs/ee/teacher-answer-rl/terminal_synthetic_tasks/easy/easy_5000/data_science/data_science_task_0307
medium_5000__data_querying__data_querying_task_1311,/wbl-fast/usrs/ee/teacher-answer-rl/terminal_synthetic_tasks/medium/medium_5000/data_querying/data_querying_task_1311
medium_5000__security__security_task_3704,/wbl-fast/usrs/ee/teacher-answer-rl/terminal_synthetic_tasks/medium/medium_5000/security/security_task_3704
easy_5000__data_science__data_science_task_0031,/wbl-fast/usrs/ee/teacher-answer-rl/terminal_synthetic_tasks/easy/easy_5000/data_science/data_science_task_0031
easy_5000__data_science__data_science_task_2616,/wbl-fast/usrs/ee/teacher-answer-rl/terminal_synthetic_tasks/easy/easy_5000/data_science/data_science_task_2616
easy_5000__data_science__data_science_task_0185,/wbl-fast/usrs/ee/teacher-answer-rl/terminal_synthetic_tasks/easy/easy_5000/data_science/data_science_task_0185
easy_5000__data_science__data_science_task_3729,/wbl-fast/usrs/ee/teacher-answer-rl/terminal_synthetic_tasks/easy/easy_5000/data_science/data_science_task_3729
medium_5000__data_processing__data_processing_task_2033,/wbl-fast/usrs/ee/teacher-answer-rl/terminal_synthetic_tasks/medium/medium_5000/data_processing/data_processing_task_2033
easy_5000__data_science__data_science_task_2275,/wbl-fast/usrs/ee/teacher-answer-rl/terminal_synthetic_tasks/easy/easy_5000/data_science/data_science_task_2275
easy_5000__data_science__data_science_task_4469,/wbl-fast/usrs/ee/teacher-answer-rl/terminal_synthetic_tasks/easy/easy_5000/data_science/data_science_task_4469
medium_5000__data_processing__data_processing_task_4300,/wbl-fast/usrs/ee/teacher-answer-rl/terminal_synthetic_tasks/medium/medium_5000/data_processing/data_processing_task_4300
easy_5000__data_science__data_science_task_4526,/wbl-fast/usrs/ee/teacher-answer-rl/terminal_synthetic_tasks/easy/easy_5000/data_science/data_science_task_4526
medium_5000__data_querying__data_querying_task_0867,/wbl-fast/usrs/ee/teacher-answer-rl/terminal_synthetic_tasks/medium/medium_5000/data_querying/data_querying_task_0867
easy_5000__data_science__data_science_task_0503,/wbl-fast/usrs/ee/teacher-answer-rl/terminal_synthetic_tasks/easy/easy_5000/data_science/data_science_task_0503
medium_5000__data_querying__data_querying_task_3346,/wbl-fast/usrs/ee/teacher-answer-rl/terminal_synthetic_tasks/medium/medium_5000/data_querying/data_querying_task_3346
easy_5000__data_science__data_science_task_0842,/wbl-fast/usrs/ee/teacher-answer-rl/terminal_synthetic_tasks/easy/easy_5000/data_science/data_science_task_0842
medium_5000__security__security_task_0363,/wbl-fast/usrs/ee/teacher-answer-rl/terminal_synthetic_tasks/medium/medium_5000/security/security_task_0363
medium_5000__security__security_task_0406,/wbl-fast/usrs/ee/teacher-answer-rl/terminal_synthetic_tasks/medium/medium_5000/security/security_task_0406
easy_5000__data_science__data_science_task_3558,/wbl-fast/usrs/ee/teacher-answer-rl/terminal_synthetic_tasks/easy/easy_5000/data_science/data_science_task_3558
medium_5000__data_processing__data_processing_task_1387,/wbl-fast/usrs/ee/teacher-answer-rl/terminal_synthetic_tasks/medium/medium_5000/data_processing/data_processing_task_1387
medium_5000__data_querying__data_querying_task_0531,/wbl-fast/usrs/ee/teacher-answer-rl/terminal_synthetic_tasks/medium/medium_5000/data_querying/data_querying_task_0531
easy_5000__data_science__data_science_task_4848,/wbl-fast/usrs/ee/teacher-answer-rl/terminal_synthetic_tasks/easy/easy_5000/data_science/data_science_task_4848
easy_5000__data_science__data_science_task_1044,/wbl-fast/usrs/ee/teacher-answer-rl/terminal_synthetic_tasks/easy/easy_5000/data_science/data_science_task_1044
easy_5000__data_science__data_science_task_0414,/wbl-fast/usrs/ee/teacher-answer-rl/terminal_synthetic_tasks/easy/easy_5000/data_science/data_science_task_0414
medium_5000__data_processing__data_processing_task_0262,/wbl-fast/usrs/ee/teacher-answer-rl/terminal_synthetic_tasks/medium/medium_5000/data_processing/data_processing_task_0262
easy_5000__data_science__data_science_task_2420,/wbl-fast/usrs/ee/teacher-answer-rl/terminal_synthetic_tasks/easy/easy_5000/data_science/data_science_task_2420
medium_5000__data_processing__data_processing_task_3377,/wbl-fast/usrs/ee/teacher-answer-rl/terminal_synthetic_tasks/medium/medium_5000/data_processing/data_processing_task_3377
easy_5000__data_science__data_science_task_4560,/wbl-fast/usrs/ee/teacher-answer-rl/terminal_synthetic_tasks/easy/easy_5000/data_science/data_science_task_4560
medium_5000__data_querying__data_querying_task_3353,/wbl-fast/usrs/ee/teacher-answer-rl/terminal_synthetic_tasks/medium/medium_5000/data_querying/data_querying_task_3353
easy_5000__data_science__data_science_task_4893,/wbl-fast/usrs/ee/teacher-answer-rl/terminal_synthetic_tasks/easy/easy_5000/data_science/data_science_task_4893
easy_5000__data_science__data_science_task_2851,/wbl-fast/usrs/ee/teacher-answer-rl/terminal_synthetic_tasks/easy/easy_5000/data_science/data_science_task_2851
medium_5000__security__security_task_4385,/wbl-fast/usrs/ee/teacher-answer-rl/terminal_synthetic_tasks/medium/medium_5000/security/security_task_4385
easy_5000__data_science__data_science_task_4742,/wbl-fast/usrs/ee/teacher-answer-rl/terminal_synthetic_tasks/easy/easy_5000/data_science/data_science_task_4742
easy_5000__data_science__data_science_task_0761,/wbl-fast/usrs/ee/teacher-answer-rl/terminal_synthetic_tasks/easy/easy_5000/data_science/data_science_task_0761
easy_5000__data_science__data_science_task_0912,/wbl-fast/usrs/ee/teacher-answer-rl/terminal_synthetic_tasks/easy/easy_5000/data_science/data_science_task_0912
easy_5000__data_science__data_science_task_4977,/wbl-fast/usrs/ee/teacher-answer-rl/terminal_synthetic_tasks/easy/easy_5000/data_science/data_science_task_4977
medium_5000__data_processing__data_processing_task_2261,/wbl-fast/usrs/ee/teacher-answer-rl/terminal_synthetic_tasks/medium/medium_5000/data_processing/data_processing_task_2261
easy_5000__data_science__data_science_task_0737,/wbl-fast/usrs/ee/teacher-answer-rl/terminal_synthetic_tasks/easy/easy_5000/data_science/data_science_task_0737
medium_5000__data_processing__data_processing_task_3814,/wbl-fast/usrs/ee/teacher-answer-rl/terminal_synthetic_tasks/medium/medium_5000/data_processing/data_processing_task_3814
medium_5000__security__security_task_1495,/wbl-fast/usrs/ee/teacher-answer-rl/terminal_synthetic_tasks/medium/medium_5000/security/security_task_1495
medium_5000__data_querying__data_querying_task_0049,/wbl-fast/usrs/ee/teacher-answer-rl/terminal_synthetic_tasks/medium/medium_5000/data_querying/data_querying_task_0049
medium_5000__data_querying__data_querying_task_3048,/wbl-fast/usrs/ee/teacher-answer-rl/terminal_synthetic_tasks/medium/medium_5000/data_querying/data_querying_task_3048
medium_5000__data_processing__data_processing_task_1604,/wbl-fast/usrs/ee/teacher-answer-rl/terminal_synthetic_tasks/medium/medium_5000/data_processing/data_processing_task_1604
medium_5000__data_querying__data_querying_task_1937,/wbl-fast/usrs/ee/teacher-answer-rl/terminal_synthetic_tasks/medium/medium_5000/data_querying/data_querying_task_1937
easy_5000__data_science__data_science_task_3785,/wbl-fast/usrs/ee/teacher-answer-rl/terminal_synthetic_tasks/easy/easy_5000/data_science/data_science_task_3785
medium_5000__security__security_task_1895,/wbl-fast/usrs/ee/teacher-answer-rl/terminal_synthetic_tasks/medium/medium_5000/security/security_task_1895
easy_5000__data_science__data_science_task_0697,/wbl-fast/usrs/ee/teacher-answer-rl/terminal_synthetic_tasks/easy/easy_5000/data_science/data_science_task_0697
medium_5000__security__security_task_2633,/wbl-fast/usrs/ee/teacher-answer-rl/terminal_synthetic_tasks/medium/medium_5000/security/security_task_2633
medium_5000__data_processing__data_processing_task_0358,/wbl-fast/usrs/ee/teacher-answer-rl/terminal_synthetic_tasks/medium/medium_5000/data_processing/data_processing_task_0358
easy_5000__data_science__data_science_task_2502,/wbl-fast/usrs/ee/teacher-answer-rl/terminal_synthetic_tasks/easy/easy_5000/data_science/data_science_task_2502
medium_5000__data_querying__data_querying_task_3052,/wbl-fast/usrs/ee/teacher-answer-rl/terminal_synthetic_tasks/medium/medium_5000/data_querying/data_querying_task_3052
easy_5000__data_science__data_science_task_2321,/wbl-fast/usrs/ee/teacher-answer-rl/terminal_synthetic_tasks/easy/easy_5000/data_science/data_science_task_2321
medium_5000__security__security_task_4300,/wbl-fast/usrs/ee/teacher-answer-rl/terminal_synthetic_tasks/medium/medium_5000/security/security_task_4300
medium_5000__security__security_task_3411,/wbl-fast/usrs/ee/teacher-answer-rl/terminal_synthetic_tasks/medium/medium_5000/security/security_task_3411
easy_5000__data_science__data_science_task_4693,/wbl-fast/usrs/ee/teacher-answer-rl/terminal_synthetic_tasks/easy/easy_5000/data_science/data_science_task_4693
medium_5000__security__security_task_1641,/wbl-fast/usrs/ee/teacher-answer-rl/terminal_synthetic_tasks/medium/medium_5000/security/security_task_1641
easy_5000__data_science__data_science_task_0465,/wbl-fast/usrs/ee/teacher-answer-rl/terminal_synthetic_tasks/easy/easy_5000/data_science/data_science_task_0465
easy_5000__data_science__data_science_task_1955,/wbl-fast/usrs/ee/teacher-answer-rl/terminal_synthetic_tasks/easy/easy_5000/data_science/data_science_task_1955
easy_5000__data_science__data_science_task_0658,/wbl-fast/usrs/ee/teacher-answer-rl/terminal_synthetic_tasks/easy/easy_5000/data_science/data_science_task_0658
